Facility Name,EMR_Facility_ID,OrgUnit ID
Aa-salam Clinic,3,e1iVoquOKVT
Achikondi women community,851,q9qra0ng8xZ
Admarc Dispensary,4,jtid6arDY0M
Adventist Health Centre,5,E3kLgwow7On
African Bible College Health Centre,6,zYfP0gkHRJH
Ahi Private Clinic,984,VoTfUk9ncoD
Airwing Clinic,857,V7m6S5TIpqf
Airwing Clinic (Zomba),NA,FLu5HmxHlNM
Akasale Pvt Clinic,NA,qNuRHXJ2P3m
Alinafe Community Hospital,7,Y46sxDDIkfz
Alliance One Clinic,NA,wDyK6ODo0vg
Alumenda Health Centre,909,NG36oCEzUcC
Amalika Dispensary,914,lIGQGBEICWx
Anchor Farm Health Centre,NA,lXEN2NtidAc
Area 18 Medi Clinic,842,sXNwy8bRFub
Area 18 Urban Health Centre,8,h2ls2FUTYDc
Area 25 Banja La Mtsogolo Dispensary,9,CbwhI6UruPB
Area 25 Urban Health Centre,10,mFfOvxjq4y2
Area 30 Police Clinic,611,LAO8ozAkDKO
Area 36 Private Clinic,836,jXwJTKL2NOh
Atupele Community Hospital,802,WZ18joAt6xW
Auction Holdings Clinic Kanengo,845,RpvcgQPC14I
Balaka District Hospital,12,R96XZz9y9Ji
Balaka Dream Clinic,968,aMWj5wusSxW
Balaka OPD Health Centre,15,XysHbVxy3XW
Bangwe BLM Clinic,NA,xidxjaQqU54
Bangwe Health Centre,16,Z4phqEA2Pcr
Banja care clinic,NA,jL2JbGhQz9r
Banja La Mtsogolo,NA,xEqkHLDUMPx
Banja La Mtsogolo Mzuzu,NA,Sb8xVmXyL5p
Baylor Childrens Centre Of Excellence In Malawi,735,yl49po4W4F7
Bembeke Health Centre,17,spQpsut9f1B
Benga Health Centre,18,n6UZ8o9yo6L
Bereu Dispensary,905,FO0kNPmm5E9
Bethsaida Private Hospital,838,zdVWMYRfufn
Bilal Dispensary,19,KxcbdpaFBia
Bilira Health Centre,20,pPHM09AVDAS
Billy Riordan Memorial Health Clinic,NA,qQOkofJwpxB
Bimbi Health Centre,21,gS8A33Rsqjr
Biriwiri Health Centre,22,K9CYAs4mo5E
Biwi Health Centre,NA,fxSjk6Zaksj
Blantyre Adventist Hospital,NA,VOnPaWYUVJK
Blantyre City Assembly Clinic,NA,kAU4FFex0Pa
Blantyre Civic Centre Dispensary,23,PlWhhBj3LXE
Blantyre DHO Mobile Clinic,26,SSD4mvMj5fu
Blantyre Dream Project,941,BYyTYjcnELU
Blantyre Water Board Clinic,931,mHcl2OS43ah
Blessings Hospital,866,Y8mjMFSYoPw
BLM Family Planning Clinic,NA,oqM5ZFHyymE
Blm Karonga,804,XbhazSb57LF
Blm Lunzu,NA,ILDhbeuLBtX
Blm Mzimba,828,eRFNJ66WIWi
Blm Nkhatabay,NA,QsSrtfLO11f
Blm Rumphi,808,x8xrWAL5gAZ
Blm Zomba,993,ODxMk91ZMph
Bolero Rural Hospital,27,Oc3g2Wv2s5M
Bondo Health Centre,29,XUpPIr0oxZ5
Bowe Health Centre,29,glIscvEdIJz
Bua Health Center (Nkhotakota),30,BQ3aLnP32uB
Bua Health Centre (Kasungu),31,T118NxiYoIL
Bula Health Centre,32,H8jU8sCWscO
Bulala Health Centre,33,hDkZbRiskMg
Bunda Clinic,858,sTbvB4c8oX1
Bvumbwe Health Centre,34,c2h7xIrYLsw
Bvumbwe Research Health Centre,35,rhk8NxfYxDu
Bwaila Hospital,700,XtF7Xzv3edv
Bwanje Health Centre,36,LqUvHvI2ifc
Bwengu Health Centre,37,jn7xfbY43dS
Care Medical Clinic,827,m3l82LkwIyc
Care Private ClinicAnd Dental Surgery Art,NA,bnjsICNDB9L
Carlsberg / Sobo Clinic Lilongwe,856,RgWEk9xdDv2
Carlsberg / Sobo ClinicBlantyre,933,Lx9CrjbHms2
Cck Health Clinic & Diagnostic Centre,NA,peJm0gcxzFw
Central East African Railways Clinic,943,LcMpQWnS27k
Central Health Clinic Area 47,848,IFUSwNgJdi7
Chabvala Health Centre,38,grfnmKmWiJ9
Chadza Health Centre,39,cnyjtiMcC1D
Chagunda,NA,fe9EboFXU0V
Chakhaza Health Centre,40,SL1ePpPFaki
Chamama Health Facility,NA,LmCUb5UShy6
Chamba Health Centre (Machinga),41,lNsSSuNKbIP
Chamba Health Centre (Zomba),42,T9SOI57r1OF
Chambe Health Centre,43,Ln1grpEjzuK
Chambo Health Centre,44,h9csPxuoZUo
Chambwe Health Centre,NA,Dl6P4C549hR
Champiti Health Centre,885,l86AxfTg26J
Chamwabvi Dispensary,45,nN7JVSObAf7
Chancellor College Clinic,985,xt7sSjNqHjP
Chang'ambika Health Centre,46,Ca0b3h49Loo
Changalume Barracks Clinic(Muluzi),986,lOis6dAt7D0
Changata Health Centre,47,SnNGsSfYB0h
Chankhungu Health Centre,48,cZkBc7Ri1HF
Chaone Health Centre,NA,AalwV4ZrGDO
Chapananga Health Centre,49,T3V75V8sfxa
Chesamu Health Centre,50,zxDIIqsUrk8
Chezi Dispensary,51,salIVfMt9RA
Chichiri Escom Clinic,936,uMLl8OkWfHS
Chichiri Prison,945,vlYFnmt9KW7
Chichiri Prison Clinic,945,UkdRIbdSZw5
Chididi Health Centre (Nkhotakota),52,RViCF6QIybs
Chididi Health Centre (Nsanje),53,WG3SI4hkJFF
Chifunga Health Centre,55,pciHYsH4glX
Chigodi Health Centre,56,ShsLuR0OWt2
Chigumula Clinic,NA,Hger69iTvVS
Chikande Health Centre,57,fmvjc3pgmee
Chikangawa Health Centre,58,eEEYKm78UBf
Chikole Dispensary,59,KjntOeutm1x
Chikowa Dispensary,NA,fwew5LFgo0P
Chikowa Health Centre (Blantyre),60,Keuq4t91SIs
Chikowa Health Centre (Lilongwe),61,TJjz5jiFlqF
Chikuse Health Centre,62,Y4kaJs4jbod
Chikwawa District Hospital,64,JQw6oDs7C6C
Chikweo Health Centre,67,teLlh1E6CxB
Chikwina Health Centre,68,QlnCjd3M0E1
Chilambwe Health Centre,69,bNcnSc6bFll
Chilanga Health Centre,NA,Q6dBdTXnxWu
Chilaweni,NA,WehVfN1t0Aa
Child Legacy Health Centre,NA,jg1ZTgMBMGt
Chileka Health Centre,70,OXaQtzbzMoy
Chileka Health Centre (Lilongwe),71,iiBtWzxLMUo
Chileka Health CentreLilongwe,NA,s0o7fcIgDh5
Chileka Sda Health Centre,72,v0GaaWRKm61
Chilengo Dispensary,NA,WwPvmR6RGUw
Chilipa Health Centre (Mangochi),73,fwUSM7rJllv
Chilipa Health Centre (Zomba),74,biJPVK5IRJn
Chilobwe Majiga Health Centre,75,Xx5fmiIR0fW
Chilomoni BLM Clinic,NA,kdClQ6xlOfO
Chilomoni Health Centre,76,DAueKP2YUvT
Chilomoni Private Clinic,965,J7tslE7mZww
Chilonga Health Centre,NA,Px30WvhGQQf
Chilumba Barracks Health Centre,77,Z6krawIPDu7
Chilumba Rural Hospital,78,uHPXBdcz85N
Chima Health Centre,NA,zrabwOPiaCV
Chimaliro Health Centre,79,WraUiby57xZ
Chimatiro Health Centre,NA,Qt4jxB7puZZ
Chimbalanga Health Centre,80,JCrM0zdamqT
Chimembe Health Centre,81,ZaZEarjsHQX
Chimoto Health Centre,82,VbO2d6WVW6Q
Chimvu Health Centre,82,G5HX22BSHz2
Chimwala Dispensary,83,REoFvVbcLG0
Chimwamkango Dispensary,84,ZOUGIF58iaF
Chimwawa Health C,NA,IeJAi0sDcso
Chinamwali Private Clinic,987,alk7M7pmalI
Ching'oma Dispensary,85,AnxpWhqWpXn
Chingale Health Centre,86,o0hXXoxJnMI
Chingazi Health Centre,87,mTERmNgVCmE
Chinguluwe Health Centre (Ntchisi),88,Pl1TeNOgCAr
Chinguluwe Health Centre (Salima),89,EiQqa3YIjqD
Chinkhwiri Health Centre,90,RTw32nxbRoB
Chinthebe Dispensary,NA,P4Z5FpCJ4Ri
Chintheche Rural Hospital,92,jkmHTPe5MLQ
Chinthembwe Health Centre,93,QZm8o1i8tW4
Chinyama Dispensary,94,dCOqnRxMAXD
Chinyama Health Centre,94,TxWRIMbBOpS
Chiole Dispensary,NA,jnrlLIULfCR
Chioshya Health Centre,95,RNuiMEnAfC1
Chipho Health Centre,96,xJQqTtpdsHP
Chipini Health Centre,97,imXmafCgb5n
Chipoka Health Centre,98,wrDImy8FHpR
Chiponde Health Centre (Mangochi),99,VphQvehsaVR
Chipumi Health Centre,100,eNs19G9xMyc
Chipwaila Health Centre,101,pkMXL4XF9ie
Chipwanya St Josephs Health Centre,102,WiVCsIgUw2D
Chiradzulu District Hospital,104,lsrGqZfICKm
Chirimba Health Centre,NA,tDldFfYwnS1
Chiringa Health Centre,107,pmteRCqzbeC
Chiringa Maternity,108,sqMFC2sNuGZ
Chisala Health Centre,109,QX85XzKEJjg
Chisansu Health Centre,NA,u57H3XRjoRa
Chisepo Health Centre,110,pw9cneMv5fA
Chisi Health Centre,NA,rtb22Ro8Gez
Chisitu Health Centre,112,PWPeexIOdmn
Chisoka Health Center (Closed),NA,Lb0qop7gLSH
Chisoka Health Centre,918,T3MNLfsBtT4
Chisunga Dispensary,NA,LdZk69me50d
Chitala Health Centre,113,d92FGpiO9lP
Chitawira Private Hospital,930,mTaqm2jDRGp
Chitedze Health Centre,114,Xc3odqjv7h0
Chitekesa Health Centre,115,u4mqH5iShLL
Chitera Health Centre,116,mxsHHN4zZft
Chitheka Health Centre,117,Sf6KvkaT3UQ
Chithumba Health Centre,907,KkApQFpVIaQ
Chitimba Health Centre,119,rdHVTY312fc
Chitipa District Hospital,121,qzGX4XdWufs
Chitowo Health Centre,124,b3OduOhZKuu
Chitsimuka Health Centre,NA,AMklHWTt6sX
Chiumbangame Health Centre,125,ybAxvKHkzhK
Chiunda Dispensary,NA,y87TEluIKWT
Chiunjiza Health Centre,126,HTfgCPyMHUx
Chiwamba Health Centre,127,RDvTBoMA8m4
Chiwe Health Centre,128,vCGIve5RtyE
Chiwoza Health Centre,NA,ivq1pAeZs5o
Chiyendausiku Health Centre,54,HrQHweMv09u
Chizolowondo Health Centre,NA,e1HOrMxNhpf
Chizumulo (St Marys) Health Centre,130,Kzo3T3VQUwH
Chizumulo St Marys Health Centre,130,XXjX57Xslam
Choma Health Centre,131,cIJ6LCvgpw0
Chonde Rural Hospital,132,TusMbw27jzb
Chongoni Health Centre,133,LkjXIWw5W9v
Chulu Health Centre,134,n18VsHigwU8
City Assembly Dispensary,135,cKd7jidUXBo
City Centre Clinic,NA,lAWnwgQl9RP
City Clinic Zomba,989,DMxPrQcg4z4
Cobbe Barracks Hospital,136,rzzi29nBvbs
Comfort Health Centre,967,JaTdpYBBV5m
Concerned Youth Organisation,NA,VDu3RkKQEZb
COPRED,NA,w2BaEat71Qr
Daeyang Luke Hospital,853,LKsJWFXsxOB
Dai Halima (Bangwe Madina),964,OV47ojciSpV
Dambe Health Centre,892,EiLdri7MySb
David Gordon Memorial Hospital (Livingstonia Mission Hospital),865,FoWBNiRRWnB
David Gordon Memorial Hospital(closed),NA,Jkj2HAJ5db9
Dedza District Hospital,138,K5sEB29YW3W
Diamphwe Health Centre,142,BWBOtEvaMkr
Dickson Health Centre,143,aKJzwDfSJqM
Didi Health Center (Closed),NA,AJu1RgcA1JG
Didi Health Centre,917,AkP3EOq0hGk
Discovery Medi Clinic,859,saJaR27j6yW
Dolo Health Centre,144,SOwb9qUKJnt
Domasi College Clinic,NA,mZRwUTkeUC1
Domasi Rural Hospital,145,U0YwDhBOZeY
Doviko Dispensary,146,kG4jZtoHH8f
Dowa District Hospital,148,F4aQvPL4c5a
Dr David Livingstone Memorial Clinic,865,KvtV3ZtJGyR
Dr Msachi's Clinic,824,O7D48utczxD
Dream,NA,xhINxzjVJ0c
Dwambazi Rural Hospital,152,GFQSwXAzql8
Dwangwa Cane Growers Limited Dispensary,153,w6VRxc89b5K
Dwangwa Health Centre,154,n89uKexauZq
Dzalanyama Dispensary,155,pveDNK0q3s7
Dzaleka Refugee Camp Health Centre,156,b1RogeavIPD
Dzenje Health Centre,157,nMp06ehwoOX
Dzenza Health Centre,158,hpUbeZgjQkx
Dzimbiri Dispensary,NA,phlM33pe5Bz
Dzindevu Health Centre,159,QL1C4nvZVLn
Dziwe Health Centre,928,axZoBBHwZo2
Dziwe Health Centre,928,hnbxxugq3Ds
Dzonzi-Mvai Health Centre,161,fH7hgQtTEvy
Dzoole Health Centre,162,lykzV97DJgq
Dzunje Dispensary,163,mxlb6XxX6cp
Edingeni Rural Hospital,164,gWTmNAQxkV8
Ehehleni Dispensary,165,RdbkvuyiIKf
Ekwaiweni Health Centre,166,AlGl0pjBwFS
Ekwendeni Mission Hospital,167,jcv5nI6bzTq
El-barakah Private Clinic,960,NFzZGVmGCoN
Embangweni Hospital,168,ySElKKfe6yc
Emfeni Health Centre,169,ihG7TCzUsYI
Emsizini Health Centre,170,HFKrnnX40ZR
Endindeni Health Centre,171,J3iNTezM5iw
Engucwini Health Centre,172,Tt5yMX4YCYJ
Enukweni Health Centre,NA,nmptn9bUYXv
Enukweni Mission Health Centre,173,OvpduRMmYdH
Escom Clinic Lilongwe,855,ahOuLxBrycV
Escom Clinic Mzuzu,819,xmlMKVGErR7
Euthini Rural Hospital,174,a7zgH8mf2GX
Eva Demaya Centre,813,crKYTgv7r7B
ExteEnding Hope Clinic,NA,uy5BU4EEAG8
Falls Banja La Mtsogolo Dispensary,175,vYMYW6T4t1J
Fanuel Dispensary,NA,faV6jPVs9bj
Fidelity Private Clinic,NA,G1n34alnula
Fpam Clinic Kasungu,NA,lcGa2ZnUlen
Fpam Clinic Kawale,834,xH7lnew9T1J
Fpam Clinic Mzuzu,816,OfoleksJLJl
Fpam Clinic Neno,893,niuHkgX6xQs
Fpam Clinic Ntcheu,887,OLX4puVMTHb
Fulirwa Health Centre,176,UNLZJ1Nr3sq
Gaga Health Centre,177,ilA4dQOCNDP
Ganya Health Centre,889,eWHvY4VmR4R
Gate way Clinic,NA,rBhHYqxxhyM
Gawanani Health Centre,179,GEb1hObhM4q
Gika Clinic,NA,VGwB7sXLiHF
Ginnery Corner BLM,NA,ZatKYtoIX0O
Gogo Nazombe health centre,976,cTMzhKP8OCf
Gogode Health Centre,180,HcsIEmls8R2
Gola Dispensary,181,u4cfHib3TrT
Golomoti Health Centre,182,DuvCctg3dhx
Gombe Health Center,183,fCCBqUju3Q4
Good Hope Private Clinic,844,Rs15DgnA3YP
Gowa Health Centre,184,LDtggHdyRks
Grace Health Centre,NA,v1vDgkOvZ0w
Guilleme St Michaels Mission Hospital,185,oT0jXXNSmag
Gumba Dispensary,875,qUpaRCpnoux
H Parker Sharp Dispensary,186,KhuXq8PnptT
Hallena Oakely Health Centre,187,v6gj70cBiQE
Hara Dispensary,188,T13U7sHC0v2
Hoho Health Centre,189,ypiAvIrP9U6
Iba Dispensary,190,FZw4GOFV5X0
Ifumbo Health Centre,191,LLnCuwo5RNG
Illovo Factory Clinic,NA,qhmT1RSZunv
Iponga Health Centre,192,tyuN9XbfRHQ
Jalasi Health Centre,193,s935PXX4rN2
Jalawe Health Centre,NA,rWDOWogc1O7
Jenda Health Centre,194,Mf6Xg1PJ7hC
Jti Leaf Clinic Kanengo,847,PekPpdgGi9g
K2 Taso Clinic,NA,RcC6kifTBcF
Kabudula Rural Hospital,196,O6y74hiWU9z
Kabuwa Health Centre,197,ZDj4Y2Flile
Kabwafu Health Centre,198,sZJvRZgWusR
Kachere Health Centre,200,veqbrdZo1K1
Kachere Private Clinic,843,XyrCQrwYHQt
Kachindamoto Dispensary,NA,UoujHkWWWBq
Kadango Dispensary,NA,IRP5VaILlSr
Kadidi Health Centre,799,cLY2A4m8Jn0
Kafele Health Centre,201,LGvOkReAslr
Kafukule Health Centre,202,U0T5lPrgVEY
Kaigwazanga Health Centre,203,fELrRZgvyHN
Kakoma Health Centre,204,sYY0PQEhVU1
Kakwale Health Centre,205,fhlpdEEnGrQ
Kalemba Health Centre,206,OyDhmxtA7nb
Kalembo Health Centre,206,KNQ4RzNnZ6v
Kalikeni Private Clinic,NA,GcRdYduUYh0
Kalikumbi Health Centre,207,ZROS5WSviIN
Kalima Village Clinic,NA,ZncuS3YlCAN
Kalimanjira Health Centre,886,K26cW6KAhFP
Kalinde Health Centre,208,uzaw4ubBdwd
Kalulu Health Centre,210,a8NnsOmXWK7
Kalulu Illovo Clinic,NA,sXL607jX6A9
Kaluluma Rural Hospital,211,BOEaJ4eqVC9
Kambenje Health Centre,212,UzxhcPn4QZG
Kamboni Health Centre,213,cez54P9k6OJ
Kameme Health Centre,214,gil9su99LXX
Kamforzi Dispensary,NA,uh5ltc6TZm9
Kampanje Maternity,215,AzbGHKq4K1A
Kamphata Dispensary,216,DzmTX22yCZc
Kamsonga Health Centre,217,m9IaQF4jaPL
Kamteteka Health Centre,218,QM6V7PDrfLM
Kamuzu Academy Clinic,NA,wKP5w5OcIFj
Kamuzu Barracks Dispensary,219,P6q5ZIrXGAM
Kamwe Health Centre,220,ncumVqRrCMN
Kande Health Centre,221,zA0iPC953jV
Kandeu Health Centre,222,QIjZYskL19K
Kanengo Tobacco Processors Clinic,846,PKEeM8l1Sym
Kang'Oma Health Centre,223,o1ZjuUmv5aQ
Kangolwa Health Centre,224,OZNe80Ws0on
Kanjedza Police Clinic,948,Phf46V2Gghq
Kankao Health Centre,225,HmTVrgdnucu
Kanyama Health Centre,226,UwBTf92fAib
Kanyezi Health Centre,227,U6sLs3tOzpC
Kanyimbi Dispensary,228,AbJbZQt4UJs
Kaombe Dispensary,229,Qw8SEqwTxHk
Kaongozi Dispensary,NA,eK4PmFIrpY5
Kapanga Health Centre,230,H2ErYfEdioK
Kapelula Health Centre,231,dy2GeuSwyIq
Kapenda Health Centre,232,NItIjAcYO8y
Kapeni Dream Centre,954,NvxhlNwKlXK
Kapeni Health Centre,233,D9w3urb7GKR
Kaphatenga Health Centre,234,yM9bkHicOua
Kaphuka Health Centre,235,wGMlG6WZZ4q
Kapichila (ESCOM) Health Centre,236,xYv4hTyV9mX
Kapichira Escom Clinic,904,L05pebPpoWP
Kapire Dream Centre,NA,TZ4Ea3gK3yA
Kapire Health Centre,238,bOzeauFIWQA
Kapiri Health Centre (Nkhotakota),239,sQnNX5Nbvu7
Kapiri Mission Hospital,NA,ekYnKIXnPPj
Kaporo Rural Hospital,240,mqNSnMB7fgW
Kapyanga Health Centre,NA,D7QhLNJChdq
Karonga District Hospital,242,tjHJZDgKu6q
Kasalika Dispensary,245,TrYObnlA8UT
kasembereka Health Centre,NA,nWuBchw9R6C
Kasese Health centre,NA,JX6hyvnBrlF
Kaseye Mission Hospital,246,mTqGek9GBbM
Kasina Health Centre,247,PCWfXe1C9hK
Kasinje Health Centre,248,kW3Ro43YXwB
Kasinthula Dispensary,249,QBRXRxcbT0a
Kasitu Dispensary,250,qX2CrzT4TL1
Kasoba Health Centre,803,VDMYQuQPz2N
Kasungu District Hospital,254,wNoaGHOI6Zl
Katawa Health Centre,NA,vvgvKSNrelJ
Katchale Health Centre,861,SUO29yrjbH4
Katema Health Centre,257,gNaXoVYpN1v
Katete Rural Hospital,258,YABJoiuXQMB
Katili Dispensary,NA,nrK4dEVDNdL
Katimbila Health Centre,259,Fz0tDlXVsn3
Katowo Rural Hospital,260,TgIZdG9r95r
Katsekera Health Centre,261,Mby0tOuLfvm
Katuli Health Centre,262,fA8higAcbmz
Kaundu Health Centre,263,H0sBidyA6PK
Kavuzi Health Centre,806,g7LNUVG1pQA
Kawalazi Plantation Clinic,NA,UT6ad8gmKjC
Kawale Banja La Mtsogolo Dispensary,264,SnfOrypiyQj
Kawale Medical Services,869,q4n2TvCdd9O
Kawale Urban Health Centre,265,d1WQftQ87x3
Kawamba Health Centre,266,flfOvLzldtj
Kaweche Health Centre,826,BRvHol84T4Q
Kawinga Dispensary,267,ozdBwLyST0J
Kayembe Health Centre,268,HYqblaD619d
Kazyozyo Health Centre,269,q4bVkSStlsm
kch Administration Support Department,NA,tBadX7ZB9Xc
kch Dental Department,NA,VcQaxDFCVSX
kch ICU Theatre Department,NA,VG3tXaAFnhX
kch Laboratory Department,NA,ZsbqAgD0L7d
kch Medical Department,NA,g699zwDjYsN
kch Mixed Department,NA,mSKoFY7pb5h
kch Obs and Gynae Department,NA,fOxzhQuzhf4
kch Oncology Department (Cancer Centre),NA,GGibsHr7fMh
kch Ophthalmology Department,NA,z51sML21fcH
kch Paediatrics Department,NA,bJ0QBPMuwpI
kch Pharmacy Department,NA,GUFsjOInEy9
kch Physiotherapy Department,NA,k9fTdEOliSN
kch Radiology Department,NA,Q97kz1e8AAf
kch Surgical Department,NA,vmFAlIXd0j1
Khama Private Clinic,NA,x647VZUetKI
Khasu Health Centre,270,y34yv5aEYeA
Khola Health Centre,271,PYQecgNXvAc
Khombedza Health Centre,272,XcRAuC6ZPi0
Khondowe Health Centre,273,OxWyNMOFrbv
Khongoni Health Centre,274,W8j3MAkrJe4
Khonjeni Health Centre,275,UkXVvwCLQgO
Khosolo Health Centre,276,GVweqBeEYdR
Khuwi Health Centre,277,RgHJHBTtszj
Khuyukuyu Health Centre,823,q0KYGiBsenN
Koche Health Centre,278,O65d1uI6NGP
Kochilira Rural Hospital,279,sxgy4P0oUli
Kukalanga Dispensary,281,QOSmQ9gyzBp
Kunenekude Health Centre,282,tB6qZOxpIwC
Kwitanda Health Centre,283,Z8EORvXbL8x
Lafarge Cement Clinic,934,JDVeTXJTAq1
Lakeview Health Centre,284,s0oVNR4X97p
Lambulira Health Centre,285,fDKWlLdMpdy
Lemwe Health Centre,286,HRNjqusGvXx
Lengwe Clinic(Illovo Private),287,bvTUezQA0ui
Lifeline Health Centre,NA,IxcEPNvhmZx
Lifuwu Health Centre,288,BFn8OYQ5lyA
Lighthouse Foundation,701,sWWrrglyJ0M
Lighthouse KCH,702,kR3EKghUNys
Ligowe Dispensary,756,gA0WGnhCnYt
Likangala Health Centre,289,LBeMMNRQSoU
Likuni Hospital,293,JquLSZgkHQ8
Lilongwe Central Hospital,295,cFiiWO0mSVO
Lilongwe City Assembly Chinsapo,860,m6bNWBsRDsi
Lilongwe Health Clinic,870,WgW57Jmd2oN
Lilongwe Private Clinic,871,oBjbSOYLYR5
Limbe Diagnostic Centre,937,VDhjuZZi4GG
Limbe Health Centre,299,KVxcc4baK2p
Limbe Leaf Tobacco Clinic Lilongwe,862,IEPmsKQJaGW
Limbe Leaf Tobacco ClinicLimbe,942,inRBKdag7Vs
Limbe MASM Clinic,932,oLKSaQ4gqL5
Lingadzi Private Clinic,854,no3kcRH6rEJ
Linyangwa Health Centre,300,z9yDHU0ZYQd
Lirangwe Health Centre,301,ZUMSlT5ZDCE
Lisungwi Health Centre,302,jBJ1nrUXKIu
Liuzi Health Centre,303,HYxgXNwy8Wn
Livwezi Health Centre,NA,p4eKC1ZsXQ4
Liwaladzi Health Centre,304,TwUljmbTv4b
Liwonde Medical Clinic,NA,pri4uEfpoMg
Lizulu Health Centre,305,yZVsJTXGxyZ
Lobi Health Centre,306,yEDgnTigUVO
Lodjwa Health Centre,NA,MrIB1LvLmRs
Ludzi St Joseph's Mission Hospital,307,L42aUTBuigK
Lugola Health Centre,308,AcMkv28WWEO
Lujeri Health Centre,309,QmGoFNWfUFa
Lulanga Health Centre,310,iIwqmezZ9rs
Lulwe Health Centre,311,ftIjkXg1oCr
Lumbadzi Health Centre,312,UrNi47KXEKp
Lundu Health Centre,313,j94m3pNGJLw
Lungu Private Clinic,NA,nF4bckRFYqv
Lungwena Health Centre,314,VdDtiG3fZ9A
Lunjika Health Centre,315,ssMcu8y2Kf3
Lunzu BLM,NA,kcbyRaflph0
Lupembe Health Centre,316,haaT3dJc33b
Lura Health Centre,811,E1n8QFnk7M2
Lusangazi Dispensary,NA,npu0OQlvf8P
Lutheran Mobile Clinic,NA,NIkvOFVUcr0
Luvwere Dispensary,317,qY3GH22ifOb
Luwalika Health Centre,318,qBxArP5yT1I
Luwani Health Centre,319,y3FF95NnZzl
Luwawa Health Centre,320,qRO40W7cmWx
Luwerezi Health Centre,321,upbCscjsSDs
Luwuchi Health Centre,322,Ie6bXE64qOA
Luzi Health Centre,323,p9HxhQYtEuW
Lwazi Health Centre,324,h7qFHIsVs04
Lwezga Health Centre,325,eXttdubBDLr
M'mambo Heaith Centre,NA,PFhr83vxGgZ
Mabili Health Centre,326,vv5AP3nMhAz
Machinga District Hospital,328,HN3xPrwEli4
Machinga Health Centre,330,cYYZv88xBL6
Machinjiri Health Centre,783,LtrODoKSSgr
Macro Blantyre,704,ZZNgP1RcC8H
Macro Lilongwe,718,dLEhItCFbai
Macro Mzuzu,717,n6SrNst4ONq
Madede Health Centre,332,p3frzwQQnXF
Madina Mobile Clinic,NA,NTDKX0ejDoi
Madisi Hospital,333,g9wv1lKcdzp
Madziabango Health Centre,334,JA9Ekal0Y2p
Maera Health Centre,990,gSVQoPw8dRz
Maere Health Centre,NA,mmyOCoj42DP
Mafco Health Centre,335,ael27YuIvji
Mafisi clinic,NA,N2OEuMkn2z4
Maganga Health Centre,336,NPgTh8ar7Rg
Magareta Health Centre,337,NFqFeBSH2Re
Magomero Health Centre,338,MfSWVpArbHS
Mahowe Health Centre,NA,TkKOmywmjVx
Majete 2 (Hunger)Health Centre,906,Tqy9Hzt0HYy
Majete-3 (Hunger)Health Centre,906,vZcq1BL4eig
Majete1 (Hunger) Health Centre,906,HHK489bchmI
Makadam Pvt Clinic,NA,jpKor9OWp56
Makanjira Health Centre,339,ogCJRAEA06f
Makapwa Health Centre,340,a6SFNf7F567
Makata Health Centre,341,eZfOjVQcd0e
Makhanga Health Centre,342,TRDY52stPkd
Makhetha Dispensary,NA,tCNxro4FiTA
Makhwira Health Centre,343,fmm167XcK2T
Makiyoni Health Centre,344,H37Fo6H2Roi
Makungwa Health Centre(Bvumbwe),35,q3B88KiRZ72
Makwapala Health Centre,345,ctDR10R37Rw
Makwasa Estate Clinic,919,joh9QZI3a96
Malabada Health Centre,951,SsBkD3XDOD7
Malambo Health Centre,NA,kcEdNoW9QOb
Malamulo Day Clinic,958,MFvBkN5jzRF
Malamulo Hospital,346,UKeSrLQeuCm
Malawi Army Marine Camp Hospital,NA,Q7j0Yk4fDmo
Maldeco Fisheries Clinic,NA,fCSQlctoCLr
Malembo Health Centre,349,UKbySUaELNM
Malembo Health Centre (Lilongwe),350,tOaGG2xPLDm
Malidadi Health Centre,351,BvmZAEbFgHw
Malingunde Health Centre,352,lP4THWArWA7
Malmed Private Clinic,947,obDGwQJFj5d
Malombe Dispensary,354,n9kEwAvGSIu
Malomo Health Centre,355,mxfexio2lQ4
Malowa Health Centre,NA,rKEqKuoGeKQ
Malukula Health Centre,NA,dOgr5wPfLaq
Maluwa Health Centre,356,LL3TLeE40xi
Mama Khadija Private ClinicNamwera,NA,xdPgIAQLQ6L
Mangamba Health Centre,357,zt2Jzw6wUcc
Mangochi District Hospital,359,vGbcjNT1TSJ
Mangulenje Health Centre,901,GPslmIQyIyJ
Mangunda Health Centre,362,jkGTBAmFE1b
Manjawira Health Centre,363,FPDJqyOOb4I
Manolo Health Center,821,YpAyWUsXP6l
Manyamula Health Centre,364,nDmSqHjGoHc
Maonde Health Centre,365,YK6aK071R8v
Mapanga Health Center,366,XrE6S137IUq
Maperera Health Centre,367,NlBOlQkhfk5
Mapeto DWS Clinic,NA,ACgUJlruIQT
Maravi Health Centre,NA,Ljx0uViQtRg
Mars Clinic,NA,z5QhXToeTgs
Masasa Health Centre,368,oAX2IuKUC7A
Mase Health Centre,369,c8uCPvKeeEM
Masenjere Health Centre,370,hj7sZWYuxTM
Masm Area 43,841,tqyiGsEE1FJ
Masm Medi Clinic,NA,LLrZXqItgML
Masm Medi Clinic Katoto,820,CwXx44tbXVF
Masm Medi Clinic Lilongwe,863,g9sKqV981QU
Masm Medi ClinicLimbe,932,GQGxBnLrP91
Matanda Health Centre,371,iVOnl6X10Ym
Matandani Health Centre,372,JKAFWLrwdji
Matapila Health Centre,373,nyBn1aFSTnl
Matawale Urban Health Centre,374,yREVcFcXe3h
Matekenya Health Centre,NA,jeNQSrVSj0c
Matiki Health Centre,375,bfDs0dTM81U
Matiya Health Centre,376,omQ3TWOHcDR
Matope Health Centre,377,GjNQ12Y2l0F
Matuli Health Centre,378,WIiA3ENQI5A
Matumba Health Centre,379,I5QjWlvvwsI
Maula Health Centre,794,W423FAKdyEK
Maula Prison Health Centre Static Art,NA,sPwxCzvUtia
Mauwa Health Centre,380,F6BWHBSv59O
Mauwa Maternity,381,BU12lO6ynbT
Mayaka Health Centre,382,JQgSk2DFvqZ
Mayani Health Centre,383,U3ExHCyHDEZ
Mazabuka Medical Centre,NA,DbMbDgGQzLw
Maziko Private Clinic,840,zR84MQKJlj4
Mazunga Private Clinic,NA,xNJfdetFsOO
Mbabvi Health Centre,384,rwyqKbu6sVj
Mbalachanda Health Centre,385,aLanDLYSxOP
Mbalanguzi Dispensary,386,gRtggG07luV
Mbang'ombe 1 Health Centre,387,AsETHxlmpIL
Mbang'ombe 2 Health Centre,388,rX8JkNx4U0A
Mbanila Health Centre,NA,ELXUlTxf8K3
Mbayani Health Center,957,ojywW0LnOe6
Mbenje Health Centre,389,GMxiZxppgwD
Mbera Health Centre,390,vHwtNk0Bvmi
Mbingwa Health Centre,391,rpW9v5wCsE6
Mbiza Health Centre,392,dmGyp0vetoz
Mbonechera Health Centre,393,iTzui2UcI8o
Mbulumbudzi Health Centre,394,SrQ8y7MhCE6
Mbulumbudzi Maternity,395,ERVjuHPNT3l
Mbwatalika Health Centre,396,KRmwm560Ldo
Mc Quire Wellness Health Centre,NA,cPOF4KdmFAR
Mchacha Dispensary,397,dttzdNvXHa5
Mchima Clinic,922,HC3bsEmqOGP
Mchinji District Hospital,399,dFFBYFnomxH
Mchoka Health Centre,402,c6WcEY1TXnq
Mdeka Health Centre,402,fQCAaNl0UMA
Mdeza Dispensary,403,jJwUNjSxgTS
MDF Secondary School Clinic,NA,ECwzZkt3Rop
Mdunga Heallth Centre,NA,H3xKaK0d3or
Merit Private Clinic,961,qXsVFrRN4BB
Mfera Health Centre,404,gMuqGSS8knm
Mganja Maternity,884,qb1Mj9bHSca
Mhalaunda Health Centre,405,inDCxEh9onL
Mhuju Rural Hospital,406,QrpvZldV7rA
Mianga estate clinic,916,oXXbb8WAC4h
Midzemba Dispensary,757,zq5yo5iRvsL
Migowi Health Centre,407,PHIvzmuxq0q
Mikolongwe Health Centre,408,ZEhFEU99s7M
Mikondo Dispensary,409,fQgxgDx2iHA
Mikundi Health Centre,410,rAdbHKHrveg
Mikuyu Adult Clinic,NA,yuC98hzOJTH
Mikuyu Young Clinic,NA,TCQVqqZMDUA
Milepa Health Centre,411,MH3qGNRGA9d
Milonde Health Centre,412,C3eAtbe8AQW
Mimosa Dispensary,413,YOhdb5QWf3k
Ming'Ongo Health Centre,414,MCQRoU5bKZ7
Minimini Dispensary,982,f8vxxriQ29H
Misamvu Dispensary,415,YDYPFwMDHNj
Misomali Health Centre,416,WPueOTAiLN1
Misuku Health Centre,417,XnBB0NztocS
Mitsidi Health Centre(Lumbira),418,xEhYcXNLUVr
Mitundu Rural Hospital,419,aVmCsQGN0r1
Mjini Dispensary,NA,QRur3iZGQxE
Mkanda Health Centre,420,FexDaTn0HFG
Mkango Dispensary,421,je3gS5u3q51
Mkhota R Growth Health Centre,422,F17kSj3t4iD
Mkhuzi Health Centre,423,K4fSBUiEBEX
Mkhwayi Health Centre,424,tRNfX43j5Mv
Mkoma Health Centre,425,y1zhkY1SAE9
Mkomaola Health Centre,983,NTtMGoNspg9
Mkumba Health Centre,427,XQ14A9f2j8N
Mkwepere Health Centre,428,RQYBvIXGsDY
Mlale Hospital,429,vlaK6dtRhxj
Mlambe Hospital,430,cmCppSqIlzN
Mlanda Health Centre,431,IvqvjIvVBaK
Mlangali Dispensary,432,a6eACcAs40A
Mlangeni Health Centre,433,ONmU8CWhzv9
Mlangeni Police Health Centre,434,ObGhlP39lGg
Mlare Dispensary,NA,o9B8rTitcGn
Mlodza SDA Dispensary,435,HYVLnrx75IO
Mlolera Womens Clinic,867,ElXrgGgPfvw
Mlolo Dispensary,436,SlyRIl4cwOF
Mlomba Health Centre,437,OUiAuB0Uc7D
Mlowe Health Centre,438,GSQ5TnX3yuJ
Mndinda Health Centre,NA,uYi2L6Go4Qf
Mnyanja Health Centre,NA,mwyB6seePPU
Monkey-Bay Community Hospital,439,rJjuBGDDPrG
Moyale Barracks Health Centre,830,S9XMFfakFVw
Moyo Wanga Pvt clinic,NA,LGJ7Iyq5M8U
Mpala Health Centre,440,w8qa58C9FGk
Mpamantha Health Centre,441,YEVlg1UBA5H
Mpamba Health Centre,442,cHhZC34cSCl
Mpasa Health Centre,443,Kxv4oNJw7DU
Mpata Health Centre,444,n7QRqzjmhbr
MPC Bwaila ART CLINIC,NA,zpInaIow7TF
Mpemba Health Centre,445,d9yZ10QgeOl
Mpepa / Chisinga Health Centre,111,GJhhq8K1EBF
Mphathi Health Centre,446,KCFtEvMrZ3Z
Mphelero Health Centre,NA,x6VWLw7WSUB
Mphepozinai Dispensary,447,D2lOPiKippv
Mpherembe Health Centre,448,XazLGbIHFsc
Mphopha Health Centre,450,hS2sYnTQbU3
Mphunzi Health Centre,451,eXOvuYIG9YP
Mpingo Health Centre,955,WaVNBxhEraz
Mpiri Health Centre,452,rl3pWoEjBn3
Mpondasi Health Centre,453,AUDheLXTT2U
Mponela Rural Hospital,454,ueVjB10KIyz
Mposa Health Centre,455,tLsbScHkeRF
Msakambewa Health Centre,456,jgFPtgYE3C8
Mseche Clinic,NA,kEalcH7WPX0
Msenjere Health Centre,457,dE9wie8cYJB
Msese Health Centre,458,Um1JMpMYGpE
Msonthe Clinic,NA,R8oMSzJ1Txe
Msumbe Health Centre,NA,hLuqNN1enth
Mtakataka Health Centre,459,wtmWonh9GZt
Mtakataka Police Health Centre,NA,Fo4Nu1Khoqq
Mtende Health Centre,460,o0hX9ak46oU
Mtendere Health Centre,461,r0KnLCBcTr3
Mtengoumodzi Private Hospital,938,P4mpxuxgOZW
Mtengowanthenga Dream Project,NA,HkbvKBQFM6B
Mtengowanthenga Hospital,462,s79dCXbcoCA
Mtenthera Health Centre,463,TIa8uoFjhcd
Mtimabii Health Centre,464,U0L0TzkTg4Y
Mtonda Health Centre,465,PxcYX4fmgXB
Mtosa Health Centre,466,tlqs0jOTw9o
Mtunthama Health Centre,467,PbfmrMdVBs3
Mtwalo Health Centre,468,JeL4xvlOwsv
Mua Health Centre,NA,CpJKFMjPNUc
Mua Mission Hospital,469,niNbaFnNCgp
Mulanje District Hospital,471,Nepy3vH3e6g
Mulanje Mission Hospital,474,MKIDkeCfVCc
Mulibwanji Hospital,475,GjCDed8EK8B
Mulomba Health Centre,476,ijqBzVGbncx
Muloza Health Centre,477,P5U57FLrPxL
Muluma Dispensary,478,jHjfJQsvt47
Mulungu Alinafe Health Centre,975,YpOsxnyWD67
Mumbwe Medical Centre,NA,atRsAeYj8bo
Mvera Mission Health Centre,481,QKnbzIuwFb6
Mvera Support Battalion Health Centre,480,aockNsOfjIt
Mwachira Private Clinic,944,f2PAHAHGZS4
Mwaiwathu Private Hospital,709,YGIGbwqnA9M
Mwandama Health Centre,996,jyoWzEvm0XC
Mwanga Health Centre,482,Js5P9ZU5K6r
Mwangala Health Centre,483,ZctUHvWm292
Mwansambo Health Centre,484,Rf1rrKDqc9l
Mwanza District Hospital,488,ojR8a0Xu9A3
Mwanza Illovo Clinic,NA,dviOrlXivOL
Mwaya Health Centre,NA,aqRm9wq0aIA
Mwayi Private,NA,i14i0hgyT2B
Mwazisi Health Centre,489,JeN3ydrU4lR
Mwima Health Centre,NA,iQmvSbGhycA
Mzalangwe Health Centre,490,tca66OfpOph
Mzambazi Rural Hospital,491,L0obMixrYsw
Mzandu Health Centre,492,zbzy1EAHemL
MZCH Administration,NA,aqXXwPBKm5w
MZCH Anaesthesia,NA,qpTxZ9rVSM1
MZCH Dental,NA,JEQMfmkXD7t
MZCH Finance,NA,rS3100micWB
MZCH HDU,NA,EQcW1vRvimd
MZCH Health Technical Support Services,NA,orwhH7mOd1V
MZCH Human Resources,NA,p3KWpkPzZE3
MZCH ICU,NA,Pac7eCYnh3A
MZCH Internal Medicine,NA,GxyJ1rhBJ5b
MZCH Medical Rehabilitation,NA,woxoVqcOSS8
MZCH Mortuary,NA,N9KEEZcocfi
MZCH Nutrition,NA,b3a8xY9DTLQ
MZCH Obs and Gynae,NA,Un609cy5Wxt
MZCH Oncology,NA,itHrcZFDWcK
MZCH One Stop Centre,NA,QKYpoFi4mxL
MZCH Opthalmology,NA,zhMjLQ4wqyF
MZCH Orthopaedic,NA,MStDtqzWNLS
MZCH Paediatric,NA,UVp6BE5BvG3
MZCH Surgical Department,NA,Ijjz00EAb72
MZCH Theatre,NA,eUSjlrkXxaj
Mzenga Health Centre,493,DCafjM4Ew3G
MZH AETC,NA,Z9eQMdFHCOd
MZH Paying Ward,NA,cSy0ziWTpJx
MZH Short Stay,NA,tsMtNUcvRPT
Mzimba District Hospital,495,H58PMzo9Xii
Mziza Health Centre,280,GaqkYT3AgFn
Mzokoto Health Centre,498,bYR9HESsWKd
Mzuzu Central Prison,829,eywf2mgdPPI
Mzuzu Police Dispensary,NA,sJQF7WPP2Ck
Mzuzu University Clinic,825,rHtjCrmXd7e
Mzuzu Urban Health Centre,500,cQ41y2ym2RV
Nainunje Health Centre,NA,UlGsSjoERdc
Naisi Health Centre,994,ncRCRH1homB
Nakalanzi Health Centre,501,yRUuIksTiLm
Nalunga Health Centre,502,jcUguNrYDmp
Namadidi Dispensary,1000,bHXisKRaXOR
Namadzi Health Centre,503,bthDRjgyzgo
Namalaka Health Centre,504,JRwvE3EiDuo
Namandanje Health Centre,505,KEPMWjMdxDG
Namanja Health Centre,506,XG7w56VzqMn
Namanolo Health Centre,507,spgBSrohYPo
Namasalima Health Centre (Mulanje),508,asiPyqS8rHs
Namasalima Health Centre (Zomba),509,mR7n2aiuf2m
Nambazo Health Centre,510,AyarnjnokWg
Nambiti II Health Centre,NA,FIHIYv39yqU
Nambuma Health Centre,511,qlkyWX9EEaw
Namikango Health Centre,512,AWytIG2qdwP
Namikoko Health Centre,513,sTjTxJqSCWE
Naming'omba estate clinic,921,VLJsrQrzivg
Namisu Dispensary,514,zgQjvfvY38A
Namitambo Health Centre,515,TArV024FtcH
Namizana Dispensary,516,OAXUYKyVuIz
Namphungo Health Centre,517,PxkHQqgxweP
Namulenga Health Centre,518,uLVlUIL4rlD
Namwera Health Centre,519,SjXKV0RvdBG
Nancholi Dispensary,520,Q90Za7zl8zB
Nancholi YO Palliative Care site,NA,D5r4oBqr9BN
Nandumbo Health Centre,NA,tVpkUqyzg60
Nangalamu Health Centre,521,xSi6MZN3hAK
Nankhwali Health Centre,522,oS0WaJ5v6t4
Nankumba Health Centre,523,cnUCvDXttIv
NAPHAM Clinic,708,iQKnRKmqARP
Naphimba Health Centre,524,akhqt6Z6B7x
Nasawa Health Centre,525,RicJ2qmCw3g
Nathenje Health Centre,526,AgYrPo8MW5I
Nayuchi Health Centre,528,fwctySB9ovz
Nchalo Hunger (MoH),NA,nXFq0fzH08I
Ndakwela Health Centre,529,EdY8ZVRq9ST
Ndamera Health Centre,530,pSYB6OucIkn
Ndaula Health Centre,531,Pw6JwUkqdlF
Ndimoyo Palliative Care Centre,NA,j49yi7OyTf6
Ndirande BLM,NA,zizB8oIwvOJ
Ndirande Urban Health Centre,533,M5ZUfC4v8GV
Ndunde Health Centre,534,YxzE6eiZh7V
Neno District Hospital,535,Rmh4wKR794k
Neno Parish Health Centre,536,I4Vox6oteWl
New Statehouse Dispensary,537,s0Wy1UgxpqI
Newa / Mpasazi Health Centre,538,XkcRltXu9tK
Ng'onga Health Centre,814,CyLPblDfB5N
Ngabu Rural Hospital,539,r1idesX7bX6
Ngabu SDA Health Centre,NA,yJV9qRDSt9V
Ngala Health Centre,540,tTaiG5Qrcyr
Ngana Health Centre,541,Cas9rlkSOQn
Ngapani Health Centre,542,VWvs8SJXcRe
Ngodzi Health Centre,543,LTFJhIOv3VP
Ngokwe Health Centre,544,UltcvVpNf8r
Ngoni Health Centre,545,U1sHpxxw4WH
Ngwelero Health Centre,547,grLzTEcg70S
Njuyu Health Centre,547,CZXbHCpGcTW
Nkalo Health Centre,548,Phu68UfvSy0
Nkasala Health Centre,549,TOHfssdeOr9
Nkhalango Private Clinic,550,N4dbtgJAnhw
Nkhamenya Hospital,551,QcCfOxMgWJN
Nkhande Dispensary,552,cGvhk2ChRaA
Nkhata Bay District Hospital,554,Cr4BIZYc1Ks
Nkhatabay Private Clinic,807,UhakMoxPLoa
Nkhataombere Maternity,557,cW0qFAm1C3P
Nkhoma Hospital,558,wPja49DJa2A
Nkhorongo Health Centre,559,dz2aFcg1wHo
Nkhotakota District Hospital,561,eLLoifuK7RA
Nkhulambe Health Centre,564,IFWkUcZya9D
Nkhunga Health Centre,565,RQX6rnfUsBD
Nkhwazi Health Centre,567,BogAIA30ZjT
Nkomaula Health Centre,NA,PY3CbMBy53P
Nkombedzi Health Centre,902,cjXYVRHJjQn
Nkope Health Centre,568,jrlOSjcDYGN
Nkula Health Centre,569,cfzBcWqPOoy
Nkula/Tedzani Clinic,NA,OH6iMGjGTbZ
Nkumaniza Health Centre,NA,bwhjLosc8k8
NRC,NA,rIFUCMVM6i2
Nsabwe Dispensary,570,zUquZgXa6Rm
Nsambe Sda Health Centre,571,HxziIaDjatq
Nsanama Health Centre,572,DLSIRdTyKv3
Nsanje District Hospital,574,tVuIhivYk9N
Nsaru Health Centre,577,lxulWQBn6fT
Nsipe Health Centre,578,DZq9bb4C1Jn
Nsiyaludzu Health Centre,579,GYlTZXKcHxA
Ntaja Health Centre,580,Ybh0Ww4WWVx
Ntcheu District Hospital,582,irf8hxUohn5
Ntchisi District Hospital,586,qXwx6gQyNBv
Nthalire Health Centre,589,I6ZujG9AVcl
Nthenje Health Centre,590,mEYFrYZrHrN
Ntholowa Health Centre,NA,VSHsslABmXE
Nthondo Health Centre (Lilongwe),591,yzgU0YKoHnq
Nthondo Health Centre (Ntchisi),592,xQBYdqlCMvU
Nthungwa Health Centre,593,qXonH3FiBYn
Nyamanda Pvt Clinic,850,yqRWtPJP1BG
Nyambadwe Private Hospital,946,CedL5WOqd2I
Nyambi Health Centre,594,ZD6zoYO03cf
Nyamithuthu Health Centre,595,zCPRlak2MqT
Nyanja Health Centre,NA,BoFpWeZOB2l
Nyungwe Health Centre,596,xr2MuALneJH
Nzama Health Centre,597,xiPaD8Vsm7n
Ofesi Health Centre,598,bWYHqt0OcHy
Padley Pio Health Centre,NA,ZqRS6PkibPM
Paracchute dispensary,NA,Y4g17ECjSHt
Partners In Hope Clinic Moyo Clinic (public),703,FHaAx124JwD
Partners In Hope ClinicDalitso Clinic(private),703,oAbzoo8jsNn
Pensulo Health Centre,953,xN8oZzMyC33
Phalombe Health Centre,600,zDFhyylZv3c
Phalombe Mission Holy Family Hospital,604,m03CECb09qZ
Phalula Health Centre,605,Xp3wYJuLYue
Phanga Dispensary,NA,fzNTz7Gcejn
Phimbi Health Centre,606,OmkxKPS11ej
Phirilongwe Health Centre,607,IXMfufQaORA
Phokera Health Centre,608,t0NplMFqDph
Pim Health Centre,609,nCX7iqBMNwM
Pirimiti Health Centre,610,X3O5uAX04Z9
Police (Area 30) Dispensary,611,PbvsqIcWCec
Police College Dispensary,612,BVyPLf3Mm43
Police College Health Centre,613,xv1ibnyVokh
Police Hospital,NA,QwBJxR5kKa1
Polytechnic Clinic,939,nFIyDVJHSgo
Press Cooperation Clinic,NA,abwaidMcPpQ
PSI,NA,NGuDniOCUN5
qech Anaesthesia and Intensive Care Department,NA,xR6l67TETM8
qech Clinical Support Services,NA,Cv9mzdDWJ4k
qech Dental Department,NA,ubxoYJhDkDr
qech Management Department,NA,wJh3Ny3R0Po
qech Medical Department,NA,hPt56azxpFU
qech Neurosurgery Department,NA,l3JLs9yhxbV
qech Obs and Gynae Department,NA,Xke4dPY463J
qech Oncology department,NA,W2dOG7yPSYg
qech one stop centre,NA,KrmJyodYZUR
qech Ophthalmology Department,NA,L3msdyyEwrq
qech Orthopaedic Department,NA,SwqpCcvs88O
qech Paediatric Department,NA,v7couup1r8U
qech Paediatric Surgery,NA,JmJ2730IHKf
qech Rehabilitation & Palliative,NA,p58inz2GiwQ
qech Surgical Department,NA,aXdTEa1tZyk
Queen Elizabeth Central Hospital,614,UAl6raBTebe
Raiply Clinic,615,G6HYLoDmHdT
Raiply Dispensary,615,uOxLo7wYTRA
River of Life Clinic,NA,WU9qmsrke3o
Ruarwe Health Centre,616,kKaGzpI0IKd
Rumphi District Hospital,618,ELlvUH7sci2
Ruo Dispensary,995,ZbuBESAP1bq
Sadzi Health Centre,995,BuyHhYha5dP
Salima District Hospital,622,D4HrpFEtQRq
Sambakusi Health Centre,NA,VQ55OUjplL7
Sambankhanga Health Centre,915,SykBimJT1V2
Sandama Health Centre,NA,miqv8CSP673
Sangilo Health Centre,625,r0Elt6wypHg
Sanjika Clinic,950,H64Mae6Suyl
Sankhulani Health Centre,626,xhQxgh1GSkX
Santhe Health Centre,627,B1gKsva7Nw4
Satemwa Clinic,924,S0KCNuAkdMR
Senga Bay Baptist Dispensary,628,ceJLGDr1eVI
Senzani Health Centre,629,FWZnvXYdJV6
Sharpe Valley Health Centre,630,Wwu7pZG2KuR
Shifa Private Clinic,959,CMTihDdVodi
Simlemba Health Centre,631,xcRa7FraazI
Sinyala Dispensary,632,OojoWe533hy
Sister Teleza Community Hospital,633,QJKJi4blhkg
Soche Maternity,635,AiR2MD63tCb
Soche SDA Dispensary,962,nKzxabl3RpR
Somba Health Centre,NA,HrORTH4UNrp
Sorgin Health Centre,636,tWHl2Y9tGSe
Sos Childrens Village Blantyre,NA,rrTE8OcL49T
SOS Clinic,720,qJRzJoylexL
South Lunzu Health Centre,638,OJhXyqgy2Qm
Sr Marthas Health Centre,646,hwx0GuqLuBN
Ssh Clinic,864,u9OaAjL9cih
St Andrews Community Hospital,NA,WEXi1SR3Ps6
St Annes Health Centre,640,fA5VQVs3L2A
St Augustin Anglican Clinic (Shayona),NA,VQ1v5jwMz7G
St Gabriels Hospital,641,M438IpmrFy5
St Johns Mission Hospital,642,DJ8gHyjgiVL
St Johns of God Mental Hospital,643,Q9p5l8Liv8c
St Josephs Mission Hospital(Nguludi),546,jm5VShYSJ35
St Josephs Mitengo Health Centre,644,plC4nwLdlbf
St Lukes Hospital,645,rohhSzKgCbr
St Martin Hospital,647,RfcuOXpbcam
St Martins Molere Health Centre,649,POK4qrJEUda
St Montfort Hospital,650,a8NecI8jzqL
St Patricks Health Centre(Rumphi),651,F5rBhJR8YzL
St Peters (Likoma) Rural Hospital,652,CsyzgID0Nif
St Peters Hospital,653,rLCi8itMAng
St Vincent Health CentreChadzunda,929,q4hK217Rtbr
St. Annes Mission Hospital,640,pqKNCtpevif
St. Faith Health Centre,NA,TfUBwEL4ESW
St. John of God Mental Hospital (Lilongwe),NA,yftleYsvzyI
St. Kizito Dispensary,NA,ZEdyB0IvOj3
State House Dispensary,654,CKRqkhgVqwJ
Sukasanje Health Centre,656,pix1qzSosTb
sunrise clinic,822,hyQSe6rVikw
Tachira Private Clinic,852,PEHVxojxzOF
Tcharo Health Centre,657,BU7rorTM59N
Tedzani Clinic,NA,PfE0xKirf0K
Tedzani Escom Clinic,894,sKN6JyTFe9M
Tembwe Health Centre,658,tfkK9FkHh3n
Tengani Health Centre,659,O4OnTZDe6YW
Thambani Health Centre,660,OfoB1qVuiwI
Thavite Health Centre,661,or37YlPVkxQ
The Clinic,839,oF4LyJn1q4E
Theatre For Change Clinic,NA,G5c744Vg7aq
Thekerani Rural Hospital,662,INxuyEdPFCm
Thembe Health Centre,663,Y06YIhXv9wY
Thomas Health Centre,664,TKKQUXqRrrr
Thondwe Health Centre,665,WSD1egGlSlf
Thonje Health Centre,666,V75SGRWLZNR
Thuchila Health Centre,667,xIfDdYzRS5G
Thumbwe Health Centre,800,tlDXiuRLOpw
Thunduwike Health Centre,668,O6DhPzoQAUm
Thunga Health Centre,920,RCNInuIslmh
Thyolo District Hospital,670,Obpw5vLlCtg
Tikondane Private Clinic,897,Kash20S32hR
Tiyese Private Maternity,880,lrb5YjvXHcf
Trinity - Fatima Hospital,673,iRQXiwCxsE8
Tsangano Health Centre,674,rLjop5TPyxt
Tsoyo Dispensary,675,NZE1wxbWvTa
Tukombo Health Centre,NA,WzvT614Stek
Tulonkhondo Health Centre,676,UDVA59g76b9
Ukwe Health Centre,677,Q8nVnVo1NOY
Ulongwe Health Centre,678,GlTM0PVLNMX
Umoyo Private Clinic,837,c07BSKSIfAF
Umunthu Foundation,NA,S9hz5mgJUjI
UNC,NA,vaCqY6Cv5G4
Unilever South East Company Clinic,NA,m6YZsECSfOK
United Bus Company Clinic,NA,FPRoiJAvYTh
Usisya Health Centre,679,Wh3m13Uzsn7
Utale 1 Health Centre,680,uKJ1hfxCykV
Utale 2 Health Centre,681,cPO0zV087kQ
Vibangalala Dispensary,682,BtjLFnqUPEj
Vizara Dispensary,NA,duwtTjuHUih
Waruma Health Post,NA,uBmhSlPGXCC
Wenya Health Centre,683,M7TlHaVIPLz
Wezi Medical Centre,817,yr54vCUBTIZ
Wiliro Health Centre,684,kUmwU0N12O7
Wimbe Health Centre,685,bPKUlNCxhvT
World Medical Fund,NA,bLAoLBIwbSn
Yankho Private Clinic,NA,TLPAp986efZ
zalewa Dispensary,896,NW5K84KJ4xp
Zch Other stand alone,NA,VYfQekEKBIZ
Zch Aenaesthesia & Intesive care department,NA,HN4CYqvaz2x
Zch Dental department,NA,cDCaEJPNMiV
Zch Dermatology,NA,aHZkp6KyuD7
Zch Medical department,NA,v0T5VTooRPO
Zch Obs and Gyna department,NA,IJmW4oX63UE
Zch Opthalmology,NA,xtnqzBUBo3g
Zch Orthopaedic department,NA,ulVyxasEb0Y
Zch Paediatric deparment,NA,CiDTMMjTXxC
Zch Surgical department,NA,DOwQkYSluOZ
Zilindo Health Centre,997,P3bvgqs7mIQ
Zingwangwa BLM Clinic,NA,g9d246Hnb7w
Zingwangwa Urban Health Centre,686,gTkYqxfVTM0
Zoa Dispensary,687,i6PjWckrs7y
Zoa Health Centre,923,iaUfnrbzQ9d
Zolozolo Health Centre,NA,B9FD1zCgB3t
Zomba Central Prison Clinic,695,A8FCrw9vdEI
Kamuzu Central Hospital,696,RY0I8Ha0azq
Mzuzu Central Hospital,499,EQg6N2v2TXj
Queen Elizaberth Central Hospital,614,aimBmvkBWy3
Zomba Central Hospital,689,uJG4WFdUJSv
Zomba Mental Hospital,694,S1l6Df6SvLL
OrgUnit ID,OrgUnit Name,EMR_Facility_ID
Phf46V2Gghq, Kanjedza Police  Clinic,948
jpKor9OWp56, Makadam Pvt Clinic,
e1iVoquOKVT,Aa-salam Clinic,
q9qra0ng8xZ,Achikondi women community ,
jtid6arDY0M,Admarc Dispensary,
E3kLgwow7On,Adventist Health Centre,
zYfP0gkHRJH,African Bible College Health Centre,
VoTfUk9ncoD,Ahi Private Clinic,
V7m6S5TIpqf,Airwing Clinic,
FLu5HmxHlNM,Airwing Clinic (Zomba),
qNuRHXJ2P3m,Akasale Pvt Clinic,
Y46sxDDIkfz,Alinafe Community Hospital,
wDyK6ODo0vg,Alliance One Clinic,
NG36oCEzUcC,Alumenda Health Centre,
lIGQGBEICWx,Amalika Dispensary,
lXEN2NtidAc,Anchor Farm Health Centre,
sXNwy8bRFub,Area 18 Medi Clinic,
h2ls2FUTYDc,Area 18 Urban Health Centre,
CbwhI6UruPB,Area 25 Banja La Mtsogolo Dispensary,
mFfOvxjq4y2,Area 25 Urban Health Centre,
LAO8ozAkDKO,Area 30 Police Clinic,
jXwJTKL2NOh,Area 36 Private Clinic,
WZ18joAt6xW,Atupele Community Hospital,
RpvcgQPC14I,Auction Holdings Clinic Kanengo ,
R96XZz9y9Ji,Balaka District Hospital,
aMWj5wusSxW,Balaka Dream Clinic ,
XysHbVxy3XW,Balaka OPD Health Centre,
xidxjaQqU54,Bangwe BLM Clinic,
Z4phqEA2Pcr,Bangwe Health Centre,
jL2JbGhQz9r,Banja care clinic,
xEqkHLDUMPx,Banja La Mtsogolo,
Sb8xVmXyL5p,Banja La Mtsogolo Mzuzu,
yl49po4W4F7,Baylor Childrens Centre Of Excellence In Malawi ,
spQpsut9f1B,Bembeke Health Centre,
n6UZ8o9yo6L,Benga Health Centre,
FO0kNPmm5E9,Bereu Dispensary,
zdVWMYRfufn,Bethsaida Private Hospital ,
KxcbdpaFBia,Bilal Dispensary,
pPHM09AVDAS,Bilira Health Centre,
qQOkofJwpxB,Billy Riordan Memorial Health Clinic,
gS8A33Rsqjr,Bimbi Health Centre,
K9CYAs4mo5E,Biriwiri Health Centre,
fxSjk6Zaksj,Biwi Health Centre,
VOnPaWYUVJK,Blantyre Adventist Hospital,
kAU4FFex0Pa,Blantyre City Assembly Clinic ,
PlWhhBj3LXE,Blantyre Civic Centre Dispensary,
SSD4mvMj5fu,Blantyre DHO Mobile Clinic,
BYyTYjcnELU,Blantyre Dream Project,
mHcl2OS43ah,Blantyre Water Board Clinic,
Y8mjMFSYoPw,Blessings Hospital ,
oqM5ZFHyymE,BLM Family Planning Clinic,
XbhazSb57LF,Blm Karonga,
ILDhbeuLBtX,Blm Lunzu,
eRFNJ66WIWi,Blm Mzimba,
QsSrtfLO11f,Blm Nkhatabay ,
x8xrWAL5gAZ,Blm Rumphi ,
ODxMk91ZMph,Blm Zomba ,
Oc3g2Wv2s5M,Bolero Rural Hospital,
XUpPIr0oxZ5,Bondo Health Centre,
glIscvEdIJz,Bowe Health Centre,
BQ3aLnP32uB,Bua Health Center (Nkhotakota),
T118NxiYoIL,Bua Health Centre (Kasungu),
H8jU8sCWscO,Bula Health Centre,
hDkZbRiskMg,Bulala Health Centre,
sTbvB4c8oX1,Bunda Clinic,
c2h7xIrYLsw,Bvumbwe Health Centre,
rhk8NxfYxDu,Bvumbwe Research Health Centre,
XtF7Xzv3edv,Bwaila Hospital,
LqUvHvI2ifc,Bwanje Health Centre,
jn7xfbY43dS,Bwengu Health Centre,
m3l82LkwIyc,Care Medical Clinic,
bnjsICNDB9L,Care Private ClinicAnd Dental Surgery Art,
RgWEk9xdDv2,Carlsberg / Sobo Clinic Lilongwe ,
Lx9CrjbHms2,Carlsberg / Sobo ClinicBlantyre,
peJm0gcxzFw,Cck Health Clinic & Diagnostic Centre ,
LcMpQWnS27k,Central East African Railways Clinic,
IFUSwNgJdi7,Central Health Clinic Area 47,
grfnmKmWiJ9,Chabvala Health Centre,
cnyjtiMcC1D,Chadza Health Centre,
fe9EboFXU0V,Chagunda,
SL1ePpPFaki,Chakhaza Health Centre,
LmCUb5UShy6,Chamama Health Facility,
lNsSSuNKbIP,Chamba Health Centre (Machinga),
T9SOI57r1OF,Chamba Health Centre (Zomba),
Ln1grpEjzuK,Chambe Health Centre,
h9csPxuoZUo,Chambo Health Centre,
Dl6P4C549hR,Chambwe Health Centre,
l86AxfTg26J,Champiti Health Centre,
nN7JVSObAf7,Chamwabvi Dispensary,
xt7sSjNqHjP,Chancellor College Clinic ,
Ca0b3h49Loo,Chang'ambika Health Centre,
lOis6dAt7D0,Changalume Barracks Clinic(Muluzi),
SnNGsSfYB0h,Changata Health Centre,
cZkBc7Ri1HF,Chankhungu Health Centre,
AalwV4ZrGDO,Chaone Health Centre,
T3V75V8sfxa,Chapananga Health Centre,
zxDIIqsUrk8,Chesamu Health Centre,
salIVfMt9RA,Chezi Dispensary,
uMLl8OkWfHS,Chichiri Escom Clinic,
vlYFnmt9KW7,Chichiri Prison,
UkdRIbdSZw5,Chichiri Prison Clinic,
RViCF6QIybs,Chididi Health Centre (Nkhotakota),
WG3SI4hkJFF,Chididi Health Centre (Nsanje),
pciHYsH4glX,Chifunga Health Centre,
ShsLuR0OWt2,Chigodi Health Centre,
Hger69iTvVS,Chigumula Clinic,
fmvjc3pgmee,Chikande Health Centre,
eEEYKm78UBf,Chikangawa Health Centre,
KjntOeutm1x,Chikole Dispensary,
fwew5LFgo0P,Chikowa Dispensary,
Keuq4t91SIs,Chikowa Health Centre (Blantyre),
TJjz5jiFlqF,Chikowa Health Centre (Lilongwe),
Y4kaJs4jbod,Chikuse Health Centre,
JQw6oDs7C6C,Chikwawa District Hospital,
teLlh1E6CxB,Chikweo Health Centre,
QlnCjd3M0E1,Chikwina Health Centre,
bNcnSc6bFll,Chilambwe Health Centre,
Q6dBdTXnxWu,Chilanga Health Centre,
WehVfN1t0Aa,Chilaweni,
jg1ZTgMBMGt,Child Legacy Health Centre,
OXaQtzbzMoy,Chileka Health Centre,
iiBtWzxLMUo,Chileka Health Centre (Lilongwe),
s0o7fcIgDh5,Chileka Health CentreLilongwe ,
v0GaaWRKm61,Chileka Sda Health Centre,
WwPvmR6RGUw,Chilengo Dispensary,
fwUSM7rJllv,Chilipa Health Centre (Mangochi),
biJPVK5IRJn,Chilipa Health Centre (Zomba),
Xx5fmiIR0fW,Chilobwe Majiga Health Centre,
kdClQ6xlOfO,Chilomoni BLM Clinic,
DAueKP2YUvT,Chilomoni Health Centre,
J7tslE7mZww,Chilomoni Private Clinic,
Px30WvhGQQf,Chilonga Health Centre,
Z6krawIPDu7,Chilumba Barracks Health Centre,
uHPXBdcz85N,Chilumba Rural Hospital,
zrabwOPiaCV,Chima Health Centre,
WraUiby57xZ,Chimaliro Health Centre,
Qt4jxB7puZZ,Chimatiro Health Centre,
JCrM0zdamqT,Chimbalanga Health Centre,
ZaZEarjsHQX,Chimembe Health Centre,
VbO2d6WVW6Q,Chimoto Health Centre,
G5HX22BSHz2,Chimvu Health Centre,
REoFvVbcLG0,Chimwala Dispensary,
ZOUGIF58iaF,Chimwamkango Dispensary,
IeJAi0sDcso,Chimwawa Health C,
alk7M7pmalI,Chinamwali Private Clinic,
AnxpWhqWpXn,Ching'oma Dispensary,
o0hXXoxJnMI,Chingale Health Centre,
mTERmNgVCmE,Chingazi Health Centre,
Pl1TeNOgCAr,Chinguluwe Health Centre (Ntchisi),
EiQqa3YIjqD,Chinguluwe Health Centre (Salima),
RTw32nxbRoB,Chinkhwiri Health Centre,
P4Z5FpCJ4Ri,Chinthebe Dispensary,
jkmHTPe5MLQ,Chintheche Rural Hospital,
QZm8o1i8tW4,Chinthembwe Health Centre,
dCOqnRxMAXD,Chinyama Dispensary,
TxWRIMbBOpS,Chinyama Health Centre,
jnrlLIULfCR,Chiole Dispensary,
RNuiMEnAfC1,Chioshya Health Centre,
xJQqTtpdsHP,Chipho Health Centre,
imXmafCgb5n,Chipini Health Centre,
wrDImy8FHpR,Chipoka Health Centre,
VphQvehsaVR,Chiponde Health Centre (Mangochi),
eNs19G9xMyc,Chipumi Health Centre,
pkMXL4XF9ie,Chipwaila Health Centre,
WiVCsIgUw2D,Chipwanya St Josephs Health Centre,
lsrGqZfICKm,Chiradzulu District Hospital,
tDldFfYwnS1,Chirimba Health Centre,
pmteRCqzbeC,Chiringa Health Centre,
sqMFC2sNuGZ,Chiringa Maternity,
QX85XzKEJjg,Chisala Health Centre,
u57H3XRjoRa,Chisansu Health Centre,
pw9cneMv5fA,Chisepo Health Centre,
rtb22Ro8Gez,Chisi Health Centre,
PWPeexIOdmn,Chisitu Health Centre,
Lb0qop7gLSH,Chisoka Health Center (Closed),
T3MNLfsBtT4,Chisoka Health Centre,
LdZk69me50d,Chisunga Dispensary,
d92FGpiO9lP,Chitala Health Centre,
mTaqm2jDRGp,Chitawira Private Hospital ,
Xc3odqjv7h0,Chitedze Health Centre,
u4mqH5iShLL,Chitekesa Health Centre,
mxsHHN4zZft,Chitera Health Centre,
Sf6KvkaT3UQ,Chitheka Health Centre,
KkApQFpVIaQ,Chithumba Health Centre,
rdHVTY312fc,Chitimba Health Centre,
qzGX4XdWufs,Chitipa District Hospital,
b3OduOhZKuu,Chitowo Health Centre,
AMklHWTt6sX,Chitsimuka Health Centre,
ybAxvKHkzhK,Chiumbangame Health Centre,
y87TEluIKWT,Chiunda Dispensary,
HTfgCPyMHUx,Chiunjiza Health Centre,
RDvTBoMA8m4,Chiwamba Health Centre,
vCGIve5RtyE,Chiwe Health Centre,
ivq1pAeZs5o,Chiwoza Health Centre,
HrQHweMv09u,Chiyendausiku Health Centre,
e1HOrMxNhpf,Chizolowondo Health Centre,
Kzo3T3VQUwH,Chizumulo (St Marys) Health Centre,
XXjX57Xslam,Chizumulo St Marys Health Centre,
cIJ6LCvgpw0,Choma Health Centre,
TusMbw27jzb,Chonde Rural Hospital,
LkjXIWw5W9v,Chongoni Health Centre,
n18VsHigwU8,Chulu Health Centre,
cKd7jidUXBo,City Assembly Dispensary,
lAWnwgQl9RP,City Centre Clinic,
DMxPrQcg4z4,City Clinic Zomba,
rzzi29nBvbs,Cobbe Barracks Hospital,
JaTdpYBBV5m,Comfort Health Centre,
VDu3RkKQEZb,Concerned Youth Organisation,
w2BaEat71Qr,COPRED,
LKsJWFXsxOB,Daeyang Luke Hospital,
OV47ojciSpV,Dai Halima (Bangwe Madina),
EiLdri7MySb,Dambe Health Centre,
FoWBNiRRWnB,David Gordon Memorial Hospital (Livingstonia Mission Hospital),
Jkj2HAJ5db9,David Gordon Memorial Hospital(closed),
K5sEB29YW3W,Dedza District Hospital,
BWBOtEvaMkr,Diamphwe Health Centre,
aKJzwDfSJqM,Dickson Health Centre,
AJu1RgcA1JG,Didi Health Center (Closed),
AkP3EOq0hGk,Didi Health Centre,
saJaR27j6yW,Discovery Medi Clinic ,
SOwb9qUKJnt,Dolo Health Centre,
mZRwUTkeUC1,Domasi College Clinic,
U0YwDhBOZeY,Domasi Rural Hospital,
kG4jZtoHH8f,Doviko Dispensary,
F4aQvPL4c5a,Dowa District Hospital,
KvtV3ZtJGyR,Dr David Livingstone Memorial Clinic,
O7D48utczxD,Dr Msachi's Clinic ,
xhINxzjVJ0c,Dream,
GFQSwXAzql8,Dwambazi Rural Hospital,
w6VRxc89b5K,Dwangwa Cane Growers Limited Dispensary,
n89uKexauZq,Dwangwa Health Centre,
pveDNK0q3s7,Dzalanyama Dispensary,
b1RogeavIPD,Dzaleka Refugee Camp Health Centre,
nMp06ehwoOX,Dzenje Health Centre,
hpUbeZgjQkx,Dzenza Health Centre,
phlM33pe5Bz,Dzimbiri Dispensary,
QL1C4nvZVLn,Dzindevu Health Centre,
axZoBBHwZo2,Dziwe Health Centre,
hnbxxugq3Ds,Dziwe Health Centre,
fH7hgQtTEvy,Dzonzi-Mvai Health Centre,
lykzV97DJgq,Dzoole Health Centre,
mxlb6XxX6cp,Dzunje Dispensary,
gWTmNAQxkV8,Edingeni Rural Hospital,
RdbkvuyiIKf,Ehehleni Dispensary,
AlGl0pjBwFS,Ekwaiweni Health Centre,
jcv5nI6bzTq,Ekwendeni Mission Hospital,
NFzZGVmGCoN,El-barakah Private Clinic,
ySElKKfe6yc,Embangweni Hospital,
ihG7TCzUsYI,Emfeni Health Centre,
HFKrnnX40ZR,Emsizini Health Centre,
J3iNTezM5iw,Endindeni Health Centre,
Tt5yMX4YCYJ,Engucwini Health Centre,
nmptn9bUYXv,Enukweni Health Centre,
OvpduRMmYdH,Enukweni Mission Health Centre,
ahOuLxBrycV,Escom Clinic Lilongwe,
xmlMKVGErR7,Escom Clinic Mzuzu ,
a7zgH8mf2GX,Euthini Rural Hospital,
crKYTgv7r7B,Eva Demaya Centre ,
uy5BU4EEAG8,ExteEnding Hope Clinic,
vYMYW6T4t1J,Falls Banja La Mtsogolo Dispensary,
faV6jPVs9bj,Fanuel Dispensary,
G1n34alnula,Fidelity Private Clinic,
lcGa2ZnUlen,Fpam Clinic Kasungu,
xH7lnew9T1J,Fpam Clinic Kawale,
OfoleksJLJl,Fpam Clinic Mzuzu,
niuHkgX6xQs,Fpam Clinic Neno,
OLX4puVMTHb,Fpam Clinic Ntcheu,
UNLZJ1Nr3sq,Fulirwa Health Centre,
ilA4dQOCNDP,Gaga Health Centre,
eWHvY4VmR4R,Ganya Health Centre,
rBhHYqxxhyM,Gate way Clinic,
GEb1hObhM4q,Gawanani Health Centre,
VGwB7sXLiHF,Gika Clinic,
ZatKYtoIX0O,Ginnery Corner BLM,
cTMzhKP8OCf,Gogo Nazombe health centre,
HcsIEmls8R2,Gogode Health Centre,
u4cfHib3TrT,Gola Dispensary,
DuvCctg3dhx,Golomoti Health Centre,
fCCBqUju3Q4,Gombe Health Center,
Rs15DgnA3YP,Good Hope Private Clinic ,
LDtggHdyRks,Gowa Health Centre,
v1vDgkOvZ0w,Grace Health Centre,
oT0jXXNSmag,Guilleme St Michaels Mission Hospital,
qUpaRCpnoux,Gumba Dispensary,
KhuXq8PnptT,H Parker Sharp Dispensary,
v6gj70cBiQE,Hallena Oakely Health Centre,
T13U7sHC0v2,Hara Dispensary,
ypiAvIrP9U6,Hoho Health Centre,
FZw4GOFV5X0,Iba Dispensary,
LLnCuwo5RNG,Ifumbo Health Centre,
qhmT1RSZunv,Illovo Factory Clinic,
tyuN9XbfRHQ,Iponga Health Centre,
s935PXX4rN2,Jalasi Health Centre,
rWDOWogc1O7,Jalawe Health Centre,
Mf6Xg1PJ7hC,Jenda Health Centre,
PekPpdgGi9g,Jti Leaf Clinic Kanengo ,
RcC6kifTBcF,K2 Taso Clinic,
O6y74hiWU9z,Kabudula Rural Hospital,
ZDj4Y2Flile,Kabuwa Health Centre,
sZJvRZgWusR,Kabwafu Health Centre,
veqbrdZo1K1,Kachere Health Centre,
XyrCQrwYHQt,Kachere Private Clinic,
UoujHkWWWBq,Kachindamoto Dispensary,
IRP5VaILlSr,Kadango Dispensary,
cLY2A4m8Jn0,Kadidi Health Centre,
LGvOkReAslr,Kafele Health Centre,
U0T5lPrgVEY,Kafukule Health Centre,
fELrRZgvyHN,Kaigwazanga Health Centre,
sYY0PQEhVU1,Kakoma Health Centre,
fhlpdEEnGrQ,Kakwale Health Centre,
OyDhmxtA7nb,Kalemba Health Centre,
KNQ4RzNnZ6v,Kalembo Health Centre,
GcRdYduUYh0,Kalikeni Private Clinic ,
ZROS5WSviIN,Kalikumbi Health Centre,
ZncuS3YlCAN,Kalima Village Clinic,
K26cW6KAhFP,Kalimanjira Health Centre,
uzaw4ubBdwd,Kalinde Health Centre,
a8NnsOmXWK7,Kalulu Health Centre,
sXL607jX6A9,Kalulu Illovo Clinic,
BOEaJ4eqVC9,Kaluluma Rural Hospital,
UzxhcPn4QZG,Kambenje Health Centre,
cez54P9k6OJ,Kamboni Health Centre,
gil9su99LXX,Kameme Health Centre,
uh5ltc6TZm9,Kamforzi Dispensary,
AzbGHKq4K1A,Kampanje Maternity,
DzmTX22yCZc,Kamphata Dispensary,
m9IaQF4jaPL,Kamsonga Health Centre,
QM6V7PDrfLM,Kamteteka Health Centre,
wKP5w5OcIFj,Kamuzu Academy Clinic,
P6q5ZIrXGAM,Kamuzu Barracks Dispensary,
ncumVqRrCMN,Kamwe Health Centre,
zA0iPC953jV,Kande Health Centre,
QIjZYskL19K,Kandeu Health Centre,
PKEeM8l1Sym,Kanengo Tobacco Processors Clinic ,
o1ZjuUmv5aQ,Kang'Oma Health Centre,
OZNe80Ws0on,Kangolwa Health Centre,
HmTVrgdnucu,Kankao Health Centre,
UwBTf92fAib,Kanyama Health Centre,
U6sLs3tOzpC,Kanyezi Health Centre,
AbJbZQt4UJs,Kanyimbi Dispensary,
Qw8SEqwTxHk,Kaombe Dispensary,
eK4PmFIrpY5,Kaongozi Dispensary,
H2ErYfEdioK,Kapanga Health Centre,
dy2GeuSwyIq,Kapelula Health Centre,
NItIjAcYO8y,Kapenda Health Centre,
NvxhlNwKlXK,Kapeni Dream Centre ,
D9w3urb7GKR,Kapeni Health Centre,
yM9bkHicOua,Kaphatenga Health Centre,
wGMlG6WZZ4q,Kaphuka Health Centre,
xYv4hTyV9mX,Kapichila (ESCOM) Health Centre,
L05pebPpoWP,Kapichira Escom Clinic,
TZ4Ea3gK3yA,Kapire Dream Centre ,
bOzeauFIWQA,Kapire Health Centre,
sQnNX5Nbvu7,Kapiri Health Centre (Nkhotakota),
ekYnKIXnPPj,Kapiri Mission Hospital,
mqNSnMB7fgW,Kaporo Rural Hospital,
D7QhLNJChdq,Kapyanga Health Centre,
tjHJZDgKu6q,Karonga District Hospital,242
TrYObnlA8UT,Kasalika Dispensary,
nWuBchw9R6C,kasembereka Health Centre,
JX6hyvnBrlF,Kasese Health centre,
mTqGek9GBbM,Kaseye Mission Hospital,
PCWfXe1C9hK,Kasina Health Centre,
kW3Ro43YXwB,Kasinje Health Centre,
QBRXRxcbT0a,Kasinthula Dispensary,
qX2CrzT4TL1,Kasitu Dispensary,
VDMYQuQPz2N,Kasoba Health Centre,
wNoaGHOI6Zl,Kasungu District Hospital,
vvgvKSNrelJ,Katawa Health Centre,
SUO29yrjbH4,Katchale Health Centre,
gNaXoVYpN1v,Katema Health Centre,
YABJoiuXQMB,Katete Rural Hospital,
nrK4dEVDNdL,Katili Dispensary,
Fz0tDlXVsn3,Katimbila Health Centre,
TgIZdG9r95r,Katowo Rural Hospital,
Mby0tOuLfvm,Katsekera Health Centre,
fA8higAcbmz,Katuli Health Centre,
H0sBidyA6PK,Kaundu Health Centre,
g7LNUVG1pQA,Kavuzi Health Centre,
UT6ad8gmKjC,Kawalazi Plantation Clinic,
SnfOrypiyQj,Kawale Banja La Mtsogolo Dispensary,
q4n2TvCdd9O,Kawale Medical Services ,
d1WQftQ87x3,Kawale Urban Health Centre,
flfOvLzldtj,Kawamba Health Centre,
BRvHol84T4Q,Kaweche Health Centre,
ozdBwLyST0J,Kawinga Dispensary,
HYqblaD619d,Kayembe Health Centre,
q4bVkSStlsm,Kazyozyo Health Centre,
tBadX7ZB9Xc,kch Administration Support Department,
VcQaxDFCVSX,kch Dental Department,
VG3tXaAFnhX,kch ICU Theatre Department,
ZsbqAgD0L7d,kch Laboratory Department,
g699zwDjYsN,kch Medical Department,
mSKoFY7pb5h,kch Mixed Department,
fOxzhQuzhf4,kch Obs and Gynae Department,
GGibsHr7fMh,kch Oncology Department (Cancer Centre),
z51sML21fcH,kch Ophthalmology Department,
bJ0QBPMuwpI,kch Paediatrics Department,
GUFsjOInEy9,kch Pharmacy Department,
k9fTdEOliSN,kch Physiotherapy Department,
Q97kz1e8AAf,kch Radiology Department,
vmFAlIXd0j1,kch Surgical Department,
x647VZUetKI,Khama Private Clinic,
y34yv5aEYeA,Khasu Health Centre,
PYQecgNXvAc,Khola Health Centre,
XcRAuC6ZPi0,Khombedza Health Centre,
OxWyNMOFrbv,Khondowe Health Centre,
W8j3MAkrJe4,Khongoni Health Centre,
UkXVvwCLQgO,Khonjeni Health Centre,
GVweqBeEYdR,Khosolo Health Centre,
RgHJHBTtszj,Khuwi Health Centre,
q0KYGiBsenN,Khuyukuyu Health Centre,
O65d1uI6NGP,Koche Health Centre,
sxgy4P0oUli,Kochilira Rural Hospital,
QOSmQ9gyzBp,Kukalanga Dispensary,
tB6qZOxpIwC,Kunenekude Health Centre,
Z8EORvXbL8x,Kwitanda Health Centre,
JDVeTXJTAq1,Lafarge Cement Clinic,
s0oVNR4X97p,Lakeview Health Centre,
fDKWlLdMpdy,Lambulira Health Centre,
HRNjqusGvXx,Lemwe Health Centre,
bvTUezQA0ui,Lengwe Clinic(Illovo Private),
IxcEPNvhmZx,Lifeline Health Centre,
BFn8OYQ5lyA,Lifuwu Health Centre,
sWWrrglyJ0M,Lighthouse Foundation,
kR3EKghUNys,Lighthouse KCH,
gA0WGnhCnYt,Ligowe Dispensary,
LBeMMNRQSoU,Likangala Health Centre,
JquLSZgkHQ8,Likuni Hospital,
cFiiWO0mSVO,Lilongwe Central Hospital,
m6bNWBsRDsi,Lilongwe City Assembly Chinsapo ,
WgW57Jmd2oN,Lilongwe Health Clinic ,
oBjbSOYLYR5,Lilongwe Private Clinic ,
VDhjuZZi4GG,Limbe Diagnostic Centre,
KVxcc4baK2p,Limbe Health Centre,
IEPmsKQJaGW,Limbe Leaf Tobacco Clinic Lilongwe ,
inRBKdag7Vs,Limbe Leaf Tobacco ClinicLimbe,
oLKSaQ4gqL5,Limbe MASM Clinic,
no3kcRH6rEJ,Lingadzi Private Clinic ,
z9yDHU0ZYQd,Linyangwa Health Centre,
ZUMSlT5ZDCE,Lirangwe Health Centre,
jBJ1nrUXKIu,Lisungwi Health Centre,
HYxgXNwy8Wn,Liuzi Health Centre,
p4eKC1ZsXQ4,Livwezi Health Centre,
TwUljmbTv4b,Liwaladzi Health Centre,
pri4uEfpoMg,Liwonde Medical Clinic,
yZVsJTXGxyZ,Lizulu Health Centre,
yEDgnTigUVO,Lobi Health Centre,
MrIB1LvLmRs,Lodjwa Health Centre,
L42aUTBuigK,Ludzi St Joseph's Mission Hospital,
AcMkv28WWEO,Lugola Health Centre,
QmGoFNWfUFa,Lujeri Health Centre,
iIwqmezZ9rs,Lulanga Health Centre,
ftIjkXg1oCr,Lulwe Health Centre,
UrNi47KXEKp,Lumbadzi Health Centre,
j94m3pNGJLw,Lundu Health Centre,
nF4bckRFYqv,Lungu Private Clinic,
VdDtiG3fZ9A,Lungwena Health Centre,
ssMcu8y2Kf3,Lunjika Health Centre,
kcbyRaflph0,Lunzu BLM,
haaT3dJc33b,Lupembe Health Centre,
E1n8QFnk7M2,Lura Health Centre,
npu0OQlvf8P,Lusangazi Dispensary,
NIkvOFVUcr0,Lutheran Mobile Clinic,
qY3GH22ifOb,Luvwere Dispensary,
qBxArP5yT1I,Luwalika Health Centre,
y3FF95NnZzl,Luwani Health Centre,
qRO40W7cmWx,Luwawa Health Centre,
upbCscjsSDs,Luwerezi Health Centre,
Ie6bXE64qOA,Luwuchi Health Centre,
p9HxhQYtEuW,Luzi Health Centre,
h7qFHIsVs04,Lwazi Health Centre,
eXttdubBDLr,Lwezga Health Centre,
PFhr83vxGgZ,M'mambo Heaith Centre,
vv5AP3nMhAz,Mabili Health Centre,
HN3xPrwEli4,Machinga District Hospital,
cYYZv88xBL6,Machinga Health Centre,
LtrODoKSSgr,Machinjiri Health Centre,
ZZNgP1RcC8H,Macro Blantyre ,
dLEhItCFbai,Macro Lilongwe ,
n6SrNst4ONq,Macro Mzuzu ,
p3frzwQQnXF,Madede Health Centre,
NTDKX0ejDoi,Madina Mobile Clinic,
g9wv1lKcdzp,Madisi Hospital,
JA9Ekal0Y2p,Madziabango Health Centre,
gSVQoPw8dRz,Maera Health Centre,
mmyOCoj42DP,Maere Health Centre,
ael27YuIvji,Mafco Health Centre,
N2OEuMkn2z4,Mafisi clinic,
NPgTh8ar7Rg,Maganga Health Centre,
NFqFeBSH2Re,Magareta Health Centre,
MfSWVpArbHS,Magomero Health Centre,
TkKOmywmjVx,Mahowe Health Centre,
Tqy9Hzt0HYy,Majete 2 (Hunger)Health Centre,
vZcq1BL4eig,Majete-3 (Hunger)Health Centre,
HHK489bchmI,Majete1 (Hunger) Health Centre,
ogCJRAEA06f,Makanjira Health Centre,
a6SFNf7F567,Makapwa Health Centre,
eZfOjVQcd0e,Makata Health Centre,
TRDY52stPkd,Makhanga Health Centre,
tCNxro4FiTA,Makhetha Dispensary,
fmm167XcK2T,Makhwira Health Centre,
H37Fo6H2Roi,Makiyoni Health Centre,
q3B88KiRZ72,Makungwa Health Centre(Bvumbwe),
ctDR10R37Rw,Makwapala Health Centre,
joh9QZI3a96,Makwasa Estate Clinic,
SsBkD3XDOD7,Malabada Health Centre,
kcEdNoW9QOb,Malambo Health Centre,
MFvBkN5jzRF,Malamulo Day Clinic,
UKeSrLQeuCm,Malamulo Hospital,
Q7j0Yk4fDmo,Malawi Army Marine Camp Hospital ,
fCSQlctoCLr,Maldeco Fisheries Clinic,
UKbySUaELNM,Malembo Health Centre,
tOaGG2xPLDm,Malembo Health Centre (Lilongwe),
BvmZAEbFgHw,Malidadi Health Centre,
lP4THWArWA7,Malingunde Health Centre,
obDGwQJFj5d,Malmed Private Clinic,
n9kEwAvGSIu,Malombe Dispensary,
mxfexio2lQ4,Malomo Health Centre,
rKEqKuoGeKQ,Malowa Health Centre,
dOgr5wPfLaq,Malukula Health Centre,
LL3TLeE40xi,Maluwa Health Centre,
xdPgIAQLQ6L,Mama Khadija Private ClinicNamwera ,
zt2Jzw6wUcc,Mangamba Health Centre,
vGbcjNT1TSJ,Mangochi District Hospital,
GPslmIQyIyJ,Mangulenje Health Centre,
jkGTBAmFE1b,Mangunda Health Centre,
FPDJqyOOb4I,Manjawira Health Centre,
YpAyWUsXP6l,Manolo Health Center,
nDmSqHjGoHc,Manyamula Health Centre,
YK6aK071R8v,Maonde Health Centre,
XrE6S137IUq,Mapanga Health Center,
NlBOlQkhfk5,Maperera Health Centre,
ACgUJlruIQT,Mapeto DWS Clinic,
Ljx0uViQtRg,Maravi Health Centre,
z5QhXToeTgs,Mars Clinic ,
oAX2IuKUC7A,Masasa Health Centre,
c8uCPvKeeEM,Mase Health Centre,
hj7sZWYuxTM,Masenjere Health Centre,
tqyiGsEE1FJ,Masm Area 43,
LLrZXqItgML,Masm Medi Clinic,
CwXx44tbXVF,Masm Medi Clinic Katoto ,
g9sKqV981QU,Masm Medi Clinic Lilongwe ,
GQGxBnLrP91,Masm Medi ClinicLimbe ,
iVOnl6X10Ym,Matanda Health Centre,
JKAFWLrwdji,Matandani Health Centre,
nyBn1aFSTnl,Matapila Health Centre,
yREVcFcXe3h,Matawale Urban Health Centre,
jeNQSrVSj0c,Matekenya Health Centre,
bfDs0dTM81U,Matiki Health Centre,
omQ3TWOHcDR,Matiya Health Centre,
GjNQ12Y2l0F,Matope Health Centre,
WIiA3ENQI5A,Matuli Health Centre,
I5QjWlvvwsI,Matumba Health Centre,
W423FAKdyEK,Maula Health Centre,
sPwxCzvUtia,Maula Prison Health Centre Static Art,
F6BWHBSv59O,Mauwa Health Centre,
BU12lO6ynbT,Mauwa Maternity,
JQgSk2DFvqZ,Mayaka Health Centre,
U3ExHCyHDEZ,Mayani Health Centre,
DbMbDgGQzLw,Mazabuka Medical Centre ,
zR84MQKJlj4,Maziko Private Clinic ,
xNJfdetFsOO,Mazunga Private Clinic,
rwyqKbu6sVj,Mbabvi Health Centre,
aLanDLYSxOP,Mbalachanda Health Centre,
gRtggG07luV,Mbalanguzi Dispensary,
AsETHxlmpIL,Mbang'ombe 1 Health Centre,
rX8JkNx4U0A,Mbang'ombe 2 Health Centre,
ELXUlTxf8K3,Mbanila Health Centre,
ojywW0LnOe6,Mbayani Health Center,
GMxiZxppgwD,Mbenje Health Centre,
vHwtNk0Bvmi,Mbera Health Centre,
rpW9v5wCsE6,Mbingwa Health Centre,
dmGyp0vetoz,Mbiza Health Centre,
iTzui2UcI8o,Mbonechera Health Centre,
SrQ8y7MhCE6,Mbulumbudzi Health Centre,
ERVjuHPNT3l,Mbulumbudzi Maternity,
KRmwm560Ldo,Mbwatalika Health Centre,
cPOF4KdmFAR,Mc Quire Wellness Health Centre,
dttzdNvXHa5,Mchacha Dispensary,
HC3bsEmqOGP,Mchima Clinic,
dFFBYFnomxH,Mchinji District Hospital,
c6WcEY1TXnq,Mchoka Health Centre,
fQCAaNl0UMA,Mdeka Health Centre,
jJwUNjSxgTS,Mdeza Dispensary,
ECwzZkt3Rop,MDF Secondary School Clinic,
H3xKaK0d3or,Mdunga Heallth Centre,
qXsVFrRN4BB,Merit Private Clinic,
gMuqGSS8knm,Mfera Health Centre,
qb1Mj9bHSca,Mganja Maternity,
inDCxEh9onL,Mhalaunda Health Centre,
QrpvZldV7rA,Mhuju Rural Hospital,
oXXbb8WAC4h,Mianga estate clinic,
zq5yo5iRvsL,Midzemba Dispensary,
PHIvzmuxq0q,Migowi Health Centre,
ZEhFEU99s7M,Mikolongwe Health Centre,
fQgxgDx2iHA,Mikondo Dispensary,
rAdbHKHrveg,Mikundi Health Centre,
yuC98hzOJTH,Mikuyu Adult Clinic,
TCQVqqZMDUA,Mikuyu Young Clinic,
MH3qGNRGA9d,Milepa Health Centre,
C3eAtbe8AQW,Milonde Health Centre,
YOhdb5QWf3k,Mimosa Dispensary,
MCQRoU5bKZ7,Ming'Ongo Health Centre,
f8vxxriQ29H,Minimini Dispensary,
YDYPFwMDHNj,Misamvu Dispensary,
WPueOTAiLN1,Misomali Health Centre,
XnBB0NztocS,Misuku Health Centre,
xEhYcXNLUVr,Mitsidi Health Centre(Lumbira),
aVmCsQGN0r1,Mitundu Rural Hospital,
QRur3iZGQxE,Mjini Dispensary,
FexDaTn0HFG,Mkanda Health Centre,
je3gS5u3q51,Mkango Dispensary,
F17kSj3t4iD,Mkhota R Growth Health Centre,
K4fSBUiEBEX,Mkhuzi Health Centre,
tRNfX43j5Mv,Mkhwayi Health Centre,
y1zhkY1SAE9,Mkoma Health Centre,
NTtMGoNspg9,Mkomaola Health Centre,
XQ14A9f2j8N,Mkumba Health Centre,
RQYBvIXGsDY,Mkwepere Health Centre,
vlaK6dtRhxj,Mlale Hospital,
cmCppSqIlzN,Mlambe Hospital,
IvqvjIvVBaK,Mlanda Health Centre,
a6eACcAs40A,Mlangali Dispensary,
ONmU8CWhzv9,Mlangeni Health Centre,
ObGhlP39lGg,Mlangeni Police Health Centre,
o9B8rTitcGn,Mlare Dispensary,
HYVLnrx75IO,Mlodza SDA Dispensary,
ElXrgGgPfvw,Mlolera Womens Clinic ,
SlyRIl4cwOF,Mlolo Dispensary,
OUiAuB0Uc7D,Mlomba Health Centre,
GSQ5TnX3yuJ,Mlowe Health Centre,
uYi2L6Go4Qf,Mndinda Health Centre,
mwyB6seePPU,Mnyanja Health Centre,
rJjuBGDDPrG,Monkey-Bay Community Hospital,
S9XMFfakFVw,Moyale Barracks Health Centre ,
LGJ7Iyq5M8U,Moyo Wanga Pvt clinic,
w8qa58C9FGk,Mpala Health Centre,
YEVlg1UBA5H,Mpamantha Health Centre,
cHhZC34cSCl,Mpamba Health Centre,
Kxv4oNJw7DU,Mpasa Health Centre,
n7QRqzjmhbr,Mpata Health Centre,
zpInaIow7TF,MPC Bwaila ART CLINIC,
d9yZ10QgeOl,Mpemba Health Centre,
GJhhq8K1EBF,Mpepa / Chisinga Health Centre,
KCFtEvMrZ3Z,Mphathi Health Centre,
x6VWLw7WSUB,Mphelero Health Centre,
D2lOPiKippv,Mphepozinai Dispensary,
XazLGbIHFsc,Mpherembe Health Centre,
hS2sYnTQbU3,Mphopha Health Centre,
eXOvuYIG9YP,Mphunzi Health Centre,
WaVNBxhEraz,Mpingo Health Centre,
rl3pWoEjBn3,Mpiri Health Centre,
AUDheLXTT2U,Mpondasi Health Centre,
ueVjB10KIyz,Mponela Rural Hospital,
tLsbScHkeRF,Mposa Health Centre,
jgFPtgYE3C8,Msakambewa Health Centre,
kEalcH7WPX0,Mseche Clinic,
dE9wie8cYJB,Msenjere Health Centre,
Um1JMpMYGpE,Msese Health Centre,
R8oMSzJ1Txe,Msonthe Clinic,
hLuqNN1enth,Msumbe Health Centre,
wtmWonh9GZt,Mtakataka Health Centre,
Fo4Nu1Khoqq,Mtakataka Police Health Centre,
o0hX9ak46oU,Mtende Health Centre,
r0KnLCBcTr3,Mtendere Health Centre,
P4mpxuxgOZW,Mtengoumodzi Private Hospital,
HkbvKBQFM6B,Mtengowanthenga Dream Project ,
s79dCXbcoCA,Mtengowanthenga Hospital,
TIa8uoFjhcd,Mtenthera Health Centre,
U0L0TzkTg4Y,Mtimabii Health Centre,
PxcYX4fmgXB,Mtonda Health Centre,
tlqs0jOTw9o,Mtosa Health Centre,
PbfmrMdVBs3,Mtunthama Health Centre,
JeL4xvlOwsv,Mtwalo Health Centre,
CpJKFMjPNUc,Mua Health Centre,
niNbaFnNCgp,Mua Mission Hospital,
Nepy3vH3e6g,Mulanje District Hospital,
MKIDkeCfVCc,Mulanje Mission Hospital,
GjCDed8EK8B,Mulibwanji Hospital,
ijqBzVGbncx,Mulomba Health Centre,
P5U57FLrPxL,Muloza Health Centre,
jHjfJQsvt47,Muluma Dispensary,
YpOsxnyWD67,Mulungu Alinafe Health Centre,
atRsAeYj8bo,Mumbwe Medical Centre ,
QKnbzIuwFb6,Mvera Mission Health Centre,
aockNsOfjIt,Mvera Support Battalion Health Centre,
f2PAHAHGZS4,Mwachira Private Clinic,
YGIGbwqnA9M,Mwaiwathu Private Hospital,
jyoWzEvm0XC,Mwandama Health Centre,
Js5P9ZU5K6r,Mwanga Health Centre,
ZctUHvWm292,Mwangala Health Centre,
Rf1rrKDqc9l,Mwansambo Health Centre,
ojR8a0Xu9A3,Mwanza District Hospital,
dviOrlXivOL,Mwanza Illovo Clinic,
aqRm9wq0aIA,Mwaya Health Centre,
i14i0hgyT2B,Mwayi Private,
JeN3ydrU4lR,Mwazisi Health Centre,
iQmvSbGhycA,Mwima Health Centre,
tca66OfpOph,Mzalangwe Health Centre,
L0obMixrYsw,Mzambazi Rural Hospital,
zbzy1EAHemL,Mzandu Health Centre,
aqXXwPBKm5w,MZCH Administration,
qpTxZ9rVSM1,MZCH Anaesthesia,
JEQMfmkXD7t,MZCH Dental,
rS3100micWB,MZCH Finance,
EQcW1vRvimd,MZCH HDU,
orwhH7mOd1V,MZCH Health Technical Support Services,
p3KWpkPzZE3,MZCH Human Resources,
Pac7eCYnh3A,MZCH ICU,
GxyJ1rhBJ5b,MZCH Internal Medicine,
woxoVqcOSS8,MZCH Medical Rehabilitation,
N9KEEZcocfi,MZCH Mortuary,
b3a8xY9DTLQ,MZCH Nutrition,
Un609cy5Wxt,MZCH Obs and Gynae,
itHrcZFDWcK,MZCH Oncology,
QKYpoFi4mxL,MZCH One Stop Centre,
zhMjLQ4wqyF,MZCH Opthalmology,
MStDtqzWNLS,MZCH Orthopaedic,
UVp6BE5BvG3,MZCH Paediatric,
Ijjz00EAb72,MZCH Surgical Department,
eUSjlrkXxaj,MZCH Theatre,
DCafjM4Ew3G,Mzenga Health Centre,
Z9eQMdFHCOd,MZH AETC,
cSy0ziWTpJx,MZH Paying Ward,
tsMtNUcvRPT,MZH Short Stay,
H58PMzo9Xii,Mzimba District Hospital,
GaqkYT3AgFn,Mziza Health Centre ,
bYR9HESsWKd,Mzokoto Health Centre,
eywf2mgdPPI,Mzuzu Central Prison ,
sJQF7WPP2Ck,Mzuzu Police Dispensary,
rHtjCrmXd7e,Mzuzu University Clinic ,
cQ41y2ym2RV,Mzuzu Urban Health Centre,
UlGsSjoERdc,Nainunje Health Centre,
ncRCRH1homB,Naisi Health Centre,
yRUuIksTiLm,Nakalanzi Health Centre,
jcUguNrYDmp,Nalunga Health Centre,
bHXisKRaXOR,Namadidi Dispensary,
bthDRjgyzgo,Namadzi Health Centre,
JRwvE3EiDuo,Namalaka Health Centre,
KEPMWjMdxDG,Namandanje Health Centre,
XG7w56VzqMn,Namanja Health Centre,
spgBSrohYPo,Namanolo Health Centre,
asiPyqS8rHs,Namasalima Health Centre (Mulanje),
mR7n2aiuf2m,Namasalima Health Centre (Zomba),
AyarnjnokWg,Nambazo Health Centre,
FIHIYv39yqU,Nambiti II Health Centre,
qlkyWX9EEaw,Nambuma Health Centre,
AWytIG2qdwP,Namikango Health Centre,
sTjTxJqSCWE,Namikoko Health Centre,
VLJsrQrzivg,Naming'omba estate clinic,
zgQjvfvY38A,Namisu Dispensary,
TArV024FtcH,Namitambo Health Centre,
OAXUYKyVuIz,Namizana Dispensary,
PxkHQqgxweP,Namphungo Health Centre,
uLVlUIL4rlD,Namulenga Health Centre,
SjXKV0RvdBG,Namwera Health Centre,
Q90Za7zl8zB,Nancholi Dispensary,
D5r4oBqr9BN,Nancholi YO Palliative Care site,
tVpkUqyzg60,Nandumbo Health Centre,
xSi6MZN3hAK,Nangalamu Health Centre,
oS0WaJ5v6t4,Nankhwali Health Centre,
cnUCvDXttIv,Nankumba Health Centre,
iQKnRKmqARP,NAPHAM Clinic,
akhqt6Z6B7x,Naphimba Health Centre,
RicJ2qmCw3g,Nasawa Health Centre,
AgYrPo8MW5I,Nathenje Health Centre,
fwctySB9ovz,Nayuchi Health Centre,
nXFq0fzH08I,Nchalo Hunger (MoH),
EdY8ZVRq9ST,Ndakwela Health Centre,
pSYB6OucIkn,Ndamera Health Centre,
Pw6JwUkqdlF,Ndaula Health Centre,
j49yi7OyTf6,Ndimoyo Palliative Care Centre,
zizB8oIwvOJ,Ndirande BLM,
M5ZUfC4v8GV,Ndirande Urban Health Centre,
YxzE6eiZh7V,Ndunde Health Centre,
Rmh4wKR794k,Neno District Hospital,
I4Vox6oteWl,Neno Parish Health Centre,
s0Wy1UgxpqI,New Statehouse Dispensary,
XkcRltXu9tK,Newa / Mpasazi Health Centre,
CyLPblDfB5N,Ng'onga Health Centre,
r1idesX7bX6,Ngabu Rural Hospital,
yJV9qRDSt9V,Ngabu SDA  Health Centre,
tTaiG5Qrcyr,Ngala Health Centre,
Cas9rlkSOQn,Ngana Health Centre,
VWvs8SJXcRe,Ngapani Health Centre,
LTFJhIOv3VP,Ngodzi Health Centre,
UltcvVpNf8r,Ngokwe Health Centre,
U1sHpxxw4WH,Ngoni Health Centre,
grLzTEcg70S,Ngwelero Health Centre,
CZXbHCpGcTW,Njuyu Health Centre,
Phu68UfvSy0,Nkalo Health Centre,
TOHfssdeOr9,Nkasala Health Centre,
N4dbtgJAnhw,Nkhalango Private Clinic,
QcCfOxMgWJN,Nkhamenya Hospital,
cGvhk2ChRaA,Nkhande Dispensary,
Cr4BIZYc1Ks,Nkhata Bay District Hospital,
UhakMoxPLoa,Nkhatabay Private Clinic,
cW0qFAm1C3P,Nkhataombere Maternity,
wPja49DJa2A,Nkhoma Hospital,
dz2aFcg1wHo,Nkhorongo Health Centre,
eLLoifuK7RA,Nkhotakota District Hospital,
IFWkUcZya9D,Nkhulambe Health Centre,
RQX6rnfUsBD,Nkhunga Health Centre,
BogAIA30ZjT,Nkhwazi Health Centre,
PY3CbMBy53P,Nkomaula Health Centre,
cjXYVRHJjQn,Nkombedzi Health Centre,
jrlOSjcDYGN,Nkope Health Centre,
cfzBcWqPOoy,Nkula Health Centre,
OH6iMGjGTbZ,Nkula/Tedzani Clinic,
bwhjLosc8k8,Nkumaniza Health Centre,
rIFUCMVM6i2,NRC,
zUquZgXa6Rm,Nsabwe Dispensary,
HxziIaDjatq,Nsambe Sda Health Centre,
DLSIRdTyKv3,Nsanama Health Centre,
tVuIhivYk9N,Nsanje District Hospital,
lxulWQBn6fT,Nsaru Health Centre,
DZq9bb4C1Jn,Nsipe Health Centre,
GYlTZXKcHxA,Nsiyaludzu Health Centre,
Ybh0Ww4WWVx,Ntaja Health Centre,
irf8hxUohn5,Ntcheu District Hospital,
qXwx6gQyNBv,Ntchisi District Hospital,
I6ZujG9AVcl,Nthalire Health Centre,
mEYFrYZrHrN,Nthenje Health Centre,
VSHsslABmXE,Ntholowa Health Centre,
yzgU0YKoHnq,Nthondo Health Centre (Lilongwe),
xQBYdqlCMvU,Nthondo Health Centre (Ntchisi),
qXonH3FiBYn,Nthungwa Health Centre,
yqRWtPJP1BG,Nyamanda Pvt Clinic,
CedL5WOqd2I,Nyambadwe Private Hospital,
ZD6zoYO03cf,Nyambi Health Centre,
zCPRlak2MqT,Nyamithuthu Health Centre,
BoFpWeZOB2l,Nyanja Health Centre,
xr2MuALneJH,Nyungwe Health Centre,
xiPaD8Vsm7n,Nzama Health Centre,
bWYHqt0OcHy,Ofesi Health Centre,
ZqRS6PkibPM,Padley Pio Health Centre,
Y4g17ECjSHt,Paracchute dispensary,
FHaAx124JwD,Partners In Hope Clinic Moyo Clinic (public),
oAbzoo8jsNn,Partners In Hope ClinicDalitso Clinic(private),
xN8oZzMyC33,Pensulo Health Centre,
zDFhyylZv3c,Phalombe Health Centre,
m03CECb09qZ,Phalombe Mission Holy Family Hospital,
Xp3wYJuLYue,Phalula Health Centre,
fzNTz7Gcejn,Phanga Dispensary,
OmkxKPS11ej,Phimbi Health Centre,
IXMfufQaORA,Phirilongwe Health Centre,
t0NplMFqDph,Phokera Health Centre,
nCX7iqBMNwM,Pim Health Centre,
X3O5uAX04Z9,Pirimiti Health Centre,
PbvsqIcWCec,Police (Area 30) Dispensary,
BVyPLf3Mm43,Police College Dispensary,
xv1ibnyVokh,Police College Health Centre ,
QwBJxR5kKa1,Police Hospital,
nFIyDVJHSgo,Polytechnic Clinic ,
abwaidMcPpQ,Press Cooperation Clinic,
NGuDniOCUN5,PSI,
xR6l67TETM8,qech Anaesthesia and Intensive Care Department,
Cv9mzdDWJ4k,qech Clinical Support Services,
ubxoYJhDkDr,qech Dental Department,
wJh3Ny3R0Po,qech Management Department,
hPt56azxpFU,qech Medical Department,
l3JLs9yhxbV,qech Neurosurgery Department,
Xke4dPY463J,qech Obs and Gynae Department,
W2dOG7yPSYg,qech Oncology department,
KrmJyodYZUR,qech one stop centre,
L3msdyyEwrq,qech Ophthalmology Department,
SwqpCcvs88O,qech Orthopaedic Department,
v7couup1r8U,qech Paediatric Department,
JmJ2730IHKf,qech Paediatric Surgery,
p58inz2GiwQ,qech Rehabilitation & Palliative,
aXdTEa1tZyk,qech Surgical Department,
UAl6raBTebe,Queen Elizabeth Central Hospital,
G6HYLoDmHdT,Raiply Clinic,
uOxLo7wYTRA,Raiply Dispensary,
WU9qmsrke3o,River of Life Clinic,
kKaGzpI0IKd,Ruarwe Health Centre,
ELlvUH7sci2,Rumphi District Hospital,
ZbuBESAP1bq,Ruo Dispensary,
BuyHhYha5dP,Sadzi Health Centre,
D4HrpFEtQRq,Salima District Hospital,
VQ55OUjplL7,Sambakusi Health Centre,
SykBimJT1V2,Sambankhanga Health Centre,
miqv8CSP673,Sandama Health Centre,
r0Elt6wypHg,Sangilo Health Centre,
H64Mae6Suyl,Sanjika Clinic,
xhQxgh1GSkX,Sankhulani Health Centre,
B1gKsva7Nw4,Santhe Health Centre,
S0KCNuAkdMR,Satemwa Clinic,
ceJLGDr1eVI,Senga Bay Baptist Dispensary,
FWZnvXYdJV6,Senzani Health Centre,
Wwu7pZG2KuR,Sharpe Valley Health Centre,
CMTihDdVodi,Shifa Private Clinic,
xcRa7FraazI,Simlemba Health Centre,
OojoWe533hy,Sinyala Dispensary,
QJKJi4blhkg,Sister Teleza Community Hospital,
AiR2MD63tCb,Soche Maternity,
nKzxabl3RpR,Soche SDA Dispensary,
HrORTH4UNrp,Somba Health Centre,
tWHl2Y9tGSe,Sorgin Health Centre,
rrTE8OcL49T,Sos Childrens Village Blantyre,
qJRzJoylexL,SOS Clinic,
OJhXyqgy2Qm,South Lunzu Health Centre,
hwx0GuqLuBN,Sr Marthas Health Centre,
u9OaAjL9cih,Ssh Clinic,
WEXi1SR3Ps6,St Andrews Community Hospital,
fA5VQVs3L2A,St Annes Health Centre,
VQ1v5jwMz7G,St Augustin Anglican Clinic (Shayona),
M438IpmrFy5,St Gabriels Hospital,
DJ8gHyjgiVL,St Johns Mission Hospital,
Q9p5l8Liv8c,St Johns of God Mental Hospital,
jm5VShYSJ35,St Josephs Mission Hospital(Nguludi),
plC4nwLdlbf,St Josephs Mitengo Health Centre,
rohhSzKgCbr,St Lukes Hospital,
RfcuOXpbcam,St Martin Hospital,
POK4qrJEUda,St Martins Molere Health Centre,
a8NecI8jzqL,St Montfort Hospital,
F5rBhJR8YzL,St Patricks Health Centre(Rumphi),
CsyzgID0Nif,St Peters (Likoma) Rural Hospital,
rLCi8itMAng,St Peters Hospital,
q4hK217Rtbr,St Vincent Health CentreChadzunda,
pqKNCtpevif,St. Annes Mission Hospital,
TfUBwEL4ESW,St. Faith Health Centre,
yftleYsvzyI,St. John of God Mental Hospital (Lilongwe),
ZEdyB0IvOj3,St. Kizito Dispensary,
CKRqkhgVqwJ,State House Dispensary,
pix1qzSosTb,Sukasanje Health Centre,
hyQSe6rVikw,sunrise clinic,
PEHVxojxzOF,Tachira Private Clinic ,
BU7rorTM59N,Tcharo Health Centre,
PfE0xKirf0K,Tedzani Clinic,
sKN6JyTFe9M,Tedzani Escom Clinic,
tfkK9FkHh3n,Tembwe Health Centre,
O4OnTZDe6YW,Tengani Health Centre,
OfoB1qVuiwI,Thambani Health Centre,
or37YlPVkxQ,Thavite Health Centre,
oF4LyJn1q4E,The Clinic,
G5c744Vg7aq,Theatre For Change Clinic,
INxuyEdPFCm,Thekerani Rural Hospital,
Y06YIhXv9wY,Thembe Health Centre,
TKKQUXqRrrr,Thomas Health Centre,
WSD1egGlSlf,Thondwe Health Centre,
V75SGRWLZNR,Thonje Health Centre,
xIfDdYzRS5G,Thuchila Health Centre,
tlDXiuRLOpw,Thumbwe Health Centre,
O6DhPzoQAUm,Thunduwike Health Centre,
RCNInuIslmh,Thunga Health Centre,
Obpw5vLlCtg,Thyolo District Hospital,
Kash20S32hR,Tikondane Private Clinic,
lrb5YjvXHcf,Tiyese Private Maternity ,
iRQXiwCxsE8,Trinity - Fatima Hospital,
rLjop5TPyxt,Tsangano Health Centre,
NZE1wxbWvTa,Tsoyo Dispensary,
WzvT614Stek,Tukombo Health Centre,
UDVA59g76b9,Tulonkhondo Health Centre,
Q8nVnVo1NOY,Ukwe Health Centre,
GlTM0PVLNMX,Ulongwe Health Centre,
c07BSKSIfAF,Umoyo Private Clinic,
S9hz5mgJUjI,Umunthu Foundation,
vaCqY6Cv5G4,UNC,
m6YZsECSfOK,Unilever South East Company Clinic,
FPRoiJAvYTh,United Bus Company Clinic,
Wh3m13Uzsn7,Usisya Health Centre,
uKJ1hfxCykV,Utale 1 Health Centre,
cPO0zV087kQ,Utale 2 Health Centre,
BtjLFnqUPEj,Vibangalala Dispensary,
duwtTjuHUih,Vizara Dispensary,
uBmhSlPGXCC,Waruma Health Post,
M7TlHaVIPLz,Wenya Health Centre,
yr54vCUBTIZ,Wezi Medical Centre ,
kUmwU0N12O7,Wiliro Health Centre,
bPKUlNCxhvT,Wimbe Health Centre,
bLAoLBIwbSn,World Medical Fund ,
TLPAp986efZ,Yankho Private Clinic,
NW5K84KJ4xp,zalewa Dispensary,
VYfQekEKBIZ,Zch  Other stand alone,
HN4CYqvaz2x,Zch Aenaesthesia & Intesive care department,
cDCaEJPNMiV,Zch Dental department,
aHZkp6KyuD7,Zch Dermatology,
v0T5VTooRPO,Zch Medical department,
IJmW4oX63UE,Zch Obs and Gyna department,
xtnqzBUBo3g,Zch Opthalmology,
ulVyxasEb0Y,Zch Orthopaedic department,
CiDTMMjTXxC,Zch Paediatric deparment,
DOwQkYSluOZ,Zch Surgical department,
P3bvgqs7mIQ,Zilindo Health Centre,
g9d246Hnb7w,Zingwangwa BLM Clinic,
gTkYqxfVTM0,Zingwangwa Urban Health Centre,
i6PjWckrs7y,Zoa Dispensary,
iaUfnrbzQ9d,Zoa Health Centre,
B9FD1zCgB3t,Zolozolo Health Centre,
A8FCrw9vdEI,Zomba Central Prison Clinic,
RY0I8Ha0azq,Kamuzu Central Hospital,
EQg6N2v2TXj,Mzuzu Central Hospital,
aimBmvkBWy3,Queen Elizaberth Central Hospital,
uJG4WFdUJSv,Zomba Central Hospital,
S1l6Df6SvLL,Zomba Mental Hospital,

