OrgUnit ID,OrgUnit Name
Phf46V2Gghq, Kanjedza Police  Clinic
jpKor9OWp56, Makadam Pvt Clinic
e1iVoquOKVT,Aa-salam Clinic
q9qra0ng8xZ,Achikondi women community 
jtid6arDY0M,Admarc Dispensary
E3kLgwow7On,Adventist Health Centre
zYfP0gkHRJH,African Bible College Health Centre
VoTfUk9ncoD,Ahi Private Clinic
V7m6S5TIpqf,Airwing Clinic
FLu5HmxHlNM,Airwing Clinic (Zomba)
qNuRHXJ2P3m,Akasale Pvt Clinic
Y46sxDDIkfz,Alinafe Community Hospital
wDyK6ODo0vg,Alliance One Clinic
NG36oCEzUcC,Alumenda Health Centre
lIGQGBEICWx,Amalika Dispensary
lXEN2NtidAc,Anchor Farm Health Centre
sXNwy8bRFub,Area 18 Medi Clinic
h2ls2FUTYDc,Area 18 Urban Health Centre
CbwhI6UruPB,Area 25 Banja La Mtsogolo Dispensary
mFfOvxjq4y2,Area 25 Urban Health Centre
LAO8ozAkDKO,Area 30 Police Clinic
jXwJTKL2NOh,Area 36 Private Clinic
WZ18joAt6xW,Atupele Community Hospital
RpvcgQPC14I,Auction Holdings Clinic Kanengo 
R96XZz9y9Ji,Balaka District Hospital
aMWj5wusSxW,Balaka Dream Clinic 
XysHbVxy3XW,Balaka OPD Health Centre
xidxjaQqU54,Bangwe BLM Clinic
Z4phqEA2Pcr,Bangwe Health Centre
jL2JbGhQz9r,Banja care clinic
xEqkHLDUMPx,Banja La Mtsogolo
Sb8xVmXyL5p,Banja La Mtsogolo Mzuzu
yl49po4W4F7,Baylor Childrens Centre Of Excellence In Malawi 
spQpsut9f1B,Bembeke Health Centre
n6UZ8o9yo6L,Benga Health Centre
FO0kNPmm5E9,Bereu Dispensary
zdVWMYRfufn,Bethsaida Private Hospital 
KxcbdpaFBia,Bilal Dispensary
pPHM09AVDAS,Bilira Health Centre
qQOkofJwpxB,Billy Riordan Memorial Health Clinic
gS8A33Rsqjr,Bimbi Health Centre
K9CYAs4mo5E,Biriwiri Health Centre
fxSjk6Zaksj,Biwi Health Centre
VOnPaWYUVJK,Blantyre Adventist Hospital
kAU4FFex0Pa,Blantyre City Assembly Clinic 
PlWhhBj3LXE,Blantyre Civic Centre Dispensary
SSD4mvMj5fu,Blantyre DHO Mobile Clinic
BYyTYjcnELU,Blantyre Dream Project
mHcl2OS43ah,Blantyre Water Board Clinic
Y8mjMFSYoPw,Blessings Hospital 
oqM5ZFHyymE,BLM Family Planning Clinic
XbhazSb57LF,Blm Karonga
ILDhbeuLBtX,Blm Lunzu
eRFNJ66WIWi,Blm Mzimba
QsSrtfLO11f,Blm Nkhatabay 
x8xrWAL5gAZ,Blm Rumphi 
ODxMk91ZMph,Blm Zomba 
Oc3g2Wv2s5M,Bolero Rural Hospital
XUpPIr0oxZ5,Bondo Health Centre
glIscvEdIJz,Bowe Health Centre
BQ3aLnP32uB,Bua Health Center (Nkhotakota)
T118NxiYoIL,Bua Health Centre (Kasungu)
H8jU8sCWscO,Bula Health Centre
hDkZbRiskMg,Bulala Health Centre
sTbvB4c8oX1,Bunda Clinic
c2h7xIrYLsw,Bvumbwe Health Centre
rhk8NxfYxDu,Bvumbwe Research Health Centre
XtF7Xzv3edv,Bwaila Hospital
LqUvHvI2ifc,Bwanje Health Centre
jn7xfbY43dS,Bwengu Health Centre
m3l82LkwIyc,Care Medical Clinic
bnjsICNDB9L,Care Private ClinicAnd Dental Surgery Art
RgWEk9xdDv2,Carlsberg / Sobo Clinic Lilongwe 
Lx9CrjbHms2,Carlsberg / Sobo ClinicBlantyre
peJm0gcxzFw,Cck Health Clinic & Diagnostic Centre 
LcMpQWnS27k,Central East African Railways Clinic
IFUSwNgJdi7,Central Health Clinic Area 47
grfnmKmWiJ9,Chabvala Health Centre
cnyjtiMcC1D,Chadza Health Centre
fe9EboFXU0V,Chagunda
SL1ePpPFaki,Chakhaza Health Centre
LmCUb5UShy6,Chamama Health Facility
lNsSSuNKbIP,Chamba Health Centre (Machinga)
T9SOI57r1OF,Chamba Health Centre (Zomba)
Ln1grpEjzuK,Chambe Health Centre
h9csPxuoZUo,Chambo Health Centre
Dl6P4C549hR,Chambwe Health Centre
l86AxfTg26J,Champiti Health Centre
nN7JVSObAf7,Chamwabvi Dispensary
xt7sSjNqHjP,Chancellor College Clinic 
Ca0b3h49Loo,Chang'ambika Health Centre
lOis6dAt7D0,Changalume Barracks Clinic(Muluzi)
SnNGsSfYB0h,Changata Health Centre
cZkBc7Ri1HF,Chankhungu Health Centre
AalwV4ZrGDO,Chaone Health Centre
T3V75V8sfxa,Chapananga Health Centre
zxDIIqsUrk8,Chesamu Health Centre
salIVfMt9RA,Chezi Dispensary
uMLl8OkWfHS,Chichiri Escom Clinic
vlYFnmt9KW7,Chichiri Prison
UkdRIbdSZw5,Chichiri Prison Clinic
RViCF6QIybs,Chididi Health Centre (Nkhotakota)
WG3SI4hkJFF,Chididi Health Centre (Nsanje)
pciHYsH4glX,Chifunga Health Centre
ShsLuR0OWt2,Chigodi Health Centre
Hger69iTvVS,Chigumula Clinic
fmvjc3pgmee,Chikande Health Centre
eEEYKm78UBf,Chikangawa Health Centre
KjntOeutm1x,Chikole Dispensary
fwew5LFgo0P,Chikowa Dispensary
Keuq4t91SIs,Chikowa Health Centre (Blantyre)
TJjz5jiFlqF,Chikowa Health Centre (Lilongwe)
Y4kaJs4jbod,Chikuse Health Centre
JQw6oDs7C6C,Chikwawa District Hospital
teLlh1E6CxB,Chikweo Health Centre
QlnCjd3M0E1,Chikwina Health Centre
bNcnSc6bFll,Chilambwe Health Centre
Q6dBdTXnxWu,Chilanga Health Centre
WehVfN1t0Aa,Chilaweni
jg1ZTgMBMGt,Child Legacy Health Centre
OXaQtzbzMoy,Chileka Health Centre
iiBtWzxLMUo,Chileka Health Centre (Lilongwe)
s0o7fcIgDh5,Chileka Health CentreLilongwe 
v0GaaWRKm61,Chileka Sda Health Centre
WwPvmR6RGUw,Chilengo Dispensary
fwUSM7rJllv,Chilipa Health Centre (Mangochi)
biJPVK5IRJn,Chilipa Health Centre (Zomba)
Xx5fmiIR0fW,Chilobwe Majiga Health Centre
kdClQ6xlOfO,Chilomoni BLM Clinic
DAueKP2YUvT,Chilomoni Health Centre
J7tslE7mZww,Chilomoni Private Clinic
Px30WvhGQQf,Chilonga Health Centre
Z6krawIPDu7,Chilumba Barracks Health Centre
uHPXBdcz85N,Chilumba Rural Hospital
zrabwOPiaCV,Chima Health Centre
WraUiby57xZ,Chimaliro Health Centre
Qt4jxB7puZZ,Chimatiro Health Centre
JCrM0zdamqT,Chimbalanga Health Centre
ZaZEarjsHQX,Chimembe Health Centre
VbO2d6WVW6Q,Chimoto Health Centre
G5HX22BSHz2,Chimvu Health Centre
REoFvVbcLG0,Chimwala Dispensary
ZOUGIF58iaF,Chimwamkango Dispensary
IeJAi0sDcso,Chimwawa Health C
alk7M7pmalI,Chinamwali Private Clinic
AnxpWhqWpXn,Ching'oma Dispensary
o0hXXoxJnMI,Chingale Health Centre
mTERmNgVCmE,Chingazi Health Centre
Pl1TeNOgCAr,Chinguluwe Health Centre (Ntchisi)
EiQqa3YIjqD,Chinguluwe Health Centre (Salima)
RTw32nxbRoB,Chinkhwiri Health Centre
P4Z5FpCJ4Ri,Chinthebe Dispensary
jkmHTPe5MLQ,Chintheche Rural Hospital
QZm8o1i8tW4,Chinthembwe Health Centre
dCOqnRxMAXD,Chinyama Dispensary
TxWRIMbBOpS,Chinyama Health Centre
jnrlLIULfCR,Chiole Dispensary
RNuiMEnAfC1,Chioshya Health Centre
xJQqTtpdsHP,Chipho Health Centre
imXmafCgb5n,Chipini Health Centre
wrDImy8FHpR,Chipoka Health Centre
VphQvehsaVR,Chiponde Health Centre (Mangochi)
eNs19G9xMyc,Chipumi Health Centre
pkMXL4XF9ie,Chipwaila Health Centre
WiVCsIgUw2D,Chipwanya St Josephs Health Centre
lsrGqZfICKm,Chiradzulu District Hospital
tDldFfYwnS1,Chirimba Health Centre
pmteRCqzbeC,Chiringa Health Centre
sqMFC2sNuGZ,Chiringa Maternity
QX85XzKEJjg,Chisala Health Centre
u57H3XRjoRa,Chisansu Health Centre
pw9cneMv5fA,Chisepo Health Centre
rtb22Ro8Gez,Chisi Health Centre
PWPeexIOdmn,Chisitu Health Centre
Lb0qop7gLSH,Chisoka Health Center (Closed)
T3MNLfsBtT4,Chisoka Health Centre
LdZk69me50d,Chisunga Dispensary
d92FGpiO9lP,Chitala Health Centre
mTaqm2jDRGp,Chitawira Private Hospital 
Xc3odqjv7h0,Chitedze Health Centre
u4mqH5iShLL,Chitekesa Health Centre
mxsHHN4zZft,Chitera Health Centre
Sf6KvkaT3UQ,Chitheka Health Centre
KkApQFpVIaQ,Chithumba Health Centre
rdHVTY312fc,Chitimba Health Centre
qzGX4XdWufs,Chitipa District Hospital
b3OduOhZKuu,Chitowo Health Centre
AMklHWTt6sX,Chitsimuka Health Centre
ybAxvKHkzhK,Chiumbangame Health Centre
y87TEluIKWT,Chiunda Dispensary
HTfgCPyMHUx,Chiunjiza Health Centre
RDvTBoMA8m4,Chiwamba Health Centre
vCGIve5RtyE,Chiwe Health Centre
ivq1pAeZs5o,Chiwoza Health Centre
HrQHweMv09u,Chiyendausiku Health Centre
e1HOrMxNhpf,Chizolowondo Health Centre
Kzo3T3VQUwH,Chizumulo (St Marys) Health Centre
XXjX57Xslam,Chizumulo St Marys Health Centre
cIJ6LCvgpw0,Choma Health Centre
TusMbw27jzb,Chonde Rural Hospital
LkjXIWw5W9v,Chongoni Health Centre
n18VsHigwU8,Chulu Health Centre
cKd7jidUXBo,City Assembly Dispensary
lAWnwgQl9RP,City Centre Clinic
DMxPrQcg4z4,City Clinic Zomba
rzzi29nBvbs,Cobbe Barracks Hospital
JaTdpYBBV5m,Comfort Health Centre
VDu3RkKQEZb,Concerned Youth Organisation
w2BaEat71Qr,COPRED
LKsJWFXsxOB,Daeyang Luke Hospital
OV47ojciSpV,Dai Halima (Bangwe Madina)
EiLdri7MySb,Dambe Health Centre
FoWBNiRRWnB,David Gordon Memorial Hospital (Livingstonia Mission Hospital)
Jkj2HAJ5db9,David Gordon Memorial Hospital(closed)
K5sEB29YW3W,Dedza District Hospital
BWBOtEvaMkr,Diamphwe Health Centre
aKJzwDfSJqM,Dickson Health Centre
AJu1RgcA1JG,Didi Health Center (Closed)
AkP3EOq0hGk,Didi Health Centre
saJaR27j6yW,Discovery Medi Clinic 
SOwb9qUKJnt,Dolo Health Centre
mZRwUTkeUC1,Domasi College Clinic
U0YwDhBOZeY,Domasi Rural Hospital
kG4jZtoHH8f,Doviko Dispensary
F4aQvPL4c5a,Dowa District Hospital
KvtV3ZtJGyR,Dr David Livingstone Memorial Clinic
O7D48utczxD,Dr Msachi's Clinic 
xhINxzjVJ0c,Dream
GFQSwXAzql8,Dwambazi Rural Hospital
w6VRxc89b5K,Dwangwa Cane Growers Limited Dispensary
n89uKexauZq,Dwangwa Health Centre
pveDNK0q3s7,Dzalanyama Dispensary
b1RogeavIPD,Dzaleka Refugee Camp Health Centre
nMp06ehwoOX,Dzenje Health Centre
hpUbeZgjQkx,Dzenza Health Centre
phlM33pe5Bz,Dzimbiri Dispensary
QL1C4nvZVLn,Dzindevu Health Centre
axZoBBHwZo2,Dziwe Health Centre
hnbxxugq3Ds,Dziwe Health Centre
fH7hgQtTEvy,Dzonzi-Mvai Health Centre
lykzV97DJgq,Dzoole Health Centre
mxlb6XxX6cp,Dzunje Dispensary
gWTmNAQxkV8,Edingeni Rural Hospital
RdbkvuyiIKf,Ehehleni Dispensary
AlGl0pjBwFS,Ekwaiweni Health Centre
jcv5nI6bzTq,Ekwendeni Mission Hospital
NFzZGVmGCoN,El-barakah Private Clinic
ySElKKfe6yc,Embangweni Hospital
ihG7TCzUsYI,Emfeni Health Centre
HFKrnnX40ZR,Emsizini Health Centre
J3iNTezM5iw,Endindeni Health Centre
Tt5yMX4YCYJ,Engucwini Health Centre
nmptn9bUYXv,Enukweni Health Centre
OvpduRMmYdH,Enukweni Mission Health Centre
ahOuLxBrycV,Escom Clinic Lilongwe
xmlMKVGErR7,Escom Clinic Mzuzu 
a7zgH8mf2GX,Euthini Rural Hospital
crKYTgv7r7B,Eva Demaya Centre 
uy5BU4EEAG8,ExteEnding Hope Clinic
vYMYW6T4t1J,Falls Banja La Mtsogolo Dispensary
faV6jPVs9bj,Fanuel Dispensary
G1n34alnula,Fidelity Private Clinic
lcGa2ZnUlen,Fpam Clinic Kasungu
xH7lnew9T1J,Fpam Clinic Kawale
OfoleksJLJl,Fpam Clinic Mzuzu
niuHkgX6xQs,Fpam Clinic Neno
OLX4puVMTHb,Fpam Clinic Ntcheu
UNLZJ1Nr3sq,Fulirwa Health Centre
ilA4dQOCNDP,Gaga Health Centre
eWHvY4VmR4R,Ganya Health Centre
rBhHYqxxhyM,Gate way Clinic
GEb1hObhM4q,Gawanani Health Centre
VGwB7sXLiHF,Gika Clinic
ZatKYtoIX0O,Ginnery Corner BLM
cTMzhKP8OCf,Gogo Nazombe health centre
HcsIEmls8R2,Gogode Health Centre
u4cfHib3TrT,Gola Dispensary
DuvCctg3dhx,Golomoti Health Centre
fCCBqUju3Q4,Gombe Health Center
Rs15DgnA3YP,Good Hope Private Clinic 
LDtggHdyRks,Gowa Health Centre
v1vDgkOvZ0w,Grace Health Centre
oT0jXXNSmag,Guilleme St Michaels Mission Hospital
qUpaRCpnoux,Gumba Dispensary
KhuXq8PnptT,H Parker Sharp Dispensary
v6gj70cBiQE,Hallena Oakely Health Centre
T13U7sHC0v2,Hara Dispensary
ypiAvIrP9U6,Hoho Health Centre
FZw4GOFV5X0,Iba Dispensary
LLnCuwo5RNG,Ifumbo Health Centre
qhmT1RSZunv,Illovo Factory Clinic
tyuN9XbfRHQ,Iponga Health Centre
s935PXX4rN2,Jalasi Health Centre
rWDOWogc1O7,Jalawe Health Centre
Mf6Xg1PJ7hC,Jenda Health Centre
PekPpdgGi9g,Jti Leaf Clinic Kanengo 
RcC6kifTBcF,K2 Taso Clinic
O6y74hiWU9z,Kabudula Rural Hospital
ZDj4Y2Flile,Kabuwa Health Centre
sZJvRZgWusR,Kabwafu Health Centre
veqbrdZo1K1,Kachere Health Centre
XyrCQrwYHQt,Kachere Private Clinic
UoujHkWWWBq,Kachindamoto Dispensary
IRP5VaILlSr,Kadango Dispensary
cLY2A4m8Jn0,Kadidi Health Centre
LGvOkReAslr,Kafele Health Centre
U0T5lPrgVEY,Kafukule Health Centre
fELrRZgvyHN,Kaigwazanga Health Centre
sYY0PQEhVU1,Kakoma Health Centre
fhlpdEEnGrQ,Kakwale Health Centre
OyDhmxtA7nb,Kalemba Health Centre
KNQ4RzNnZ6v,Kalembo Health Centre
GcRdYduUYh0,Kalikeni Private Clinic 
ZROS5WSviIN,Kalikumbi Health Centre
ZncuS3YlCAN,Kalima Village Clinic
K26cW6KAhFP,Kalimanjira Health Centre
uzaw4ubBdwd,Kalinde Health Centre
a8NnsOmXWK7,Kalulu Health Centre
sXL607jX6A9,Kalulu Illovo Clinic
BOEaJ4eqVC9,Kaluluma Rural Hospital
UzxhcPn4QZG,Kambenje Health Centre
cez54P9k6OJ,Kamboni Health Centre
gil9su99LXX,Kameme Health Centre
uh5ltc6TZm9,Kamforzi Dispensary
AzbGHKq4K1A,Kampanje Maternity
DzmTX22yCZc,Kamphata Dispensary
m9IaQF4jaPL,Kamsonga Health Centre
QM6V7PDrfLM,Kamteteka Health Centre
wKP5w5OcIFj,Kamuzu Academy Clinic
P6q5ZIrXGAM,Kamuzu Barracks Dispensary
ncumVqRrCMN,Kamwe Health Centre
zA0iPC953jV,Kande Health Centre
QIjZYskL19K,Kandeu Health Centre
PKEeM8l1Sym,Kanengo Tobacco Processors Clinic 
o1ZjuUmv5aQ,Kang'Oma Health Centre
OZNe80Ws0on,Kangolwa Health Centre
HmTVrgdnucu,Kankao Health Centre
UwBTf92fAib,Kanyama Health Centre
U6sLs3tOzpC,Kanyezi Health Centre
AbJbZQt4UJs,Kanyimbi Dispensary
Qw8SEqwTxHk,Kaombe Dispensary
eK4PmFIrpY5,Kaongozi Dispensary
H2ErYfEdioK,Kapanga Health Centre
dy2GeuSwyIq,Kapelula Health Centre
NItIjAcYO8y,Kapenda Health Centre
NvxhlNwKlXK,Kapeni Dream Centre 
D9w3urb7GKR,Kapeni Health Centre
yM9bkHicOua,Kaphatenga Health Centre
wGMlG6WZZ4q,Kaphuka Health Centre
xYv4hTyV9mX,Kapichila (ESCOM) Health Centre
L05pebPpoWP,Kapichira Escom Clinic
TZ4Ea3gK3yA,Kapire Dream Centre 
bOzeauFIWQA,Kapire Health Centre
sQnNX5Nbvu7,Kapiri Health Centre (Nkhotakota)
ekYnKIXnPPj,Kapiri Mission Hospital
mqNSnMB7fgW,Kaporo Rural Hospital
D7QhLNJChdq,Kapyanga Health Centre
tjHJZDgKu6q,Karonga District Hospital
TrYObnlA8UT,Kasalika Dispensary
nWuBchw9R6C,kasembereka Health Centre
JX6hyvnBrlF,Kasese Health centre
mTqGek9GBbM,Kaseye Mission Hospital
PCWfXe1C9hK,Kasina Health Centre
kW3Ro43YXwB,Kasinje Health Centre
QBRXRxcbT0a,Kasinthula Dispensary
qX2CrzT4TL1,Kasitu Dispensary
VDMYQuQPz2N,Kasoba Health Centre
wNoaGHOI6Zl,Kasungu District Hospital
vvgvKSNrelJ,Katawa Health Centre
SUO29yrjbH4,Katchale Health Centre
gNaXoVYpN1v,Katema Health Centre
YABJoiuXQMB,Katete Rural Hospital
nrK4dEVDNdL,Katili Dispensary
Fz0tDlXVsn3,Katimbila Health Centre
TgIZdG9r95r,Katowo Rural Hospital
Mby0tOuLfvm,Katsekera Health Centre
fA8higAcbmz,Katuli Health Centre
H0sBidyA6PK,Kaundu Health Centre
g7LNUVG1pQA,Kavuzi Health Centre
UT6ad8gmKjC,Kawalazi Plantation Clinic
SnfOrypiyQj,Kawale Banja La Mtsogolo Dispensary
q4n2TvCdd9O,Kawale Medical Services 
d1WQftQ87x3,Kawale Urban Health Centre
flfOvLzldtj,Kawamba Health Centre
BRvHol84T4Q,Kaweche Health Centre
ozdBwLyST0J,Kawinga Dispensary
HYqblaD619d,Kayembe Health Centre
q4bVkSStlsm,Kazyozyo Health Centre
tBadX7ZB9Xc,kch Administration Support Department
VcQaxDFCVSX,kch Dental Department
VG3tXaAFnhX,kch ICU Theatre Department
ZsbqAgD0L7d,kch Laboratory Department
g699zwDjYsN,kch Medical Department
mSKoFY7pb5h,kch Mixed Department
fOxzhQuzhf4,kch Obs and Gynae Department
GGibsHr7fMh,kch Oncology Department (Cancer Centre)
z51sML21fcH,kch Ophthalmology Department
bJ0QBPMuwpI,kch Paediatrics Department
GUFsjOInEy9,kch Pharmacy Department
k9fTdEOliSN,kch Physiotherapy Department
Q97kz1e8AAf,kch Radiology Department
vmFAlIXd0j1,kch Surgical Department
x647VZUetKI,Khama Private Clinic
y34yv5aEYeA,Khasu Health Centre
PYQecgNXvAc,Khola Health Centre
XcRAuC6ZPi0,Khombedza Health Centre
OxWyNMOFrbv,Khondowe Health Centre
W8j3MAkrJe4,Khongoni Health Centre
UkXVvwCLQgO,Khonjeni Health Centre
GVweqBeEYdR,Khosolo Health Centre
RgHJHBTtszj,Khuwi Health Centre
q0KYGiBsenN,Khuyukuyu Health Centre
O65d1uI6NGP,Koche Health Centre
sxgy4P0oUli,Kochilira Rural Hospital
QOSmQ9gyzBp,Kukalanga Dispensary
tB6qZOxpIwC,Kunenekude Health Centre
Z8EORvXbL8x,Kwitanda Health Centre
JDVeTXJTAq1,Lafarge Cement Clinic
s0oVNR4X97p,Lakeview Health Centre
fDKWlLdMpdy,Lambulira Health Centre
HRNjqusGvXx,Lemwe Health Centre
bvTUezQA0ui,Lengwe Clinic(Illovo Private)
IxcEPNvhmZx,Lifeline Health Centre
BFn8OYQ5lyA,Lifuwu Health Centre
sWWrrglyJ0M,Lighthouse Foundation
kR3EKghUNys,Lighthouse KCH
gA0WGnhCnYt,Ligowe Dispensary
LBeMMNRQSoU,Likangala Health Centre
JquLSZgkHQ8,Likuni Hospital
cFiiWO0mSVO,Lilongwe Central Hospital
m6bNWBsRDsi,Lilongwe City Assembly Chinsapo 
WgW57Jmd2oN,Lilongwe Health Clinic 
oBjbSOYLYR5,Lilongwe Private Clinic 
VDhjuZZi4GG,Limbe Diagnostic Centre
KVxcc4baK2p,Limbe Health Centre
IEPmsKQJaGW,Limbe Leaf Tobacco Clinic Lilongwe 
inRBKdag7Vs,Limbe Leaf Tobacco ClinicLimbe
oLKSaQ4gqL5,Limbe MASM Clinic
no3kcRH6rEJ,Lingadzi Private Clinic 
z9yDHU0ZYQd,Linyangwa Health Centre
ZUMSlT5ZDCE,Lirangwe Health Centre
jBJ1nrUXKIu,Lisungwi Health Centre
HYxgXNwy8Wn,Liuzi Health Centre
p4eKC1ZsXQ4,Livwezi Health Centre
TwUljmbTv4b,Liwaladzi Health Centre
pri4uEfpoMg,Liwonde Medical Clinic
yZVsJTXGxyZ,Lizulu Health Centre
yEDgnTigUVO,Lobi Health Centre
MrIB1LvLmRs,Lodjwa Health Centre
L42aUTBuigK,Ludzi St Joseph's Mission Hospital
AcMkv28WWEO,Lugola Health Centre
QmGoFNWfUFa,Lujeri Health Centre
iIwqmezZ9rs,Lulanga Health Centre
ftIjkXg1oCr,Lulwe Health Centre
UrNi47KXEKp,Lumbadzi Health Centre
j94m3pNGJLw,Lundu Health Centre
nF4bckRFYqv,Lungu Private Clinic
VdDtiG3fZ9A,Lungwena Health Centre
ssMcu8y2Kf3,Lunjika Health Centre
kcbyRaflph0,Lunzu BLM
haaT3dJc33b,Lupembe Health Centre
E1n8QFnk7M2,Lura Health Centre
npu0OQlvf8P,Lusangazi Dispensary
NIkvOFVUcr0,Lutheran Mobile Clinic
qY3GH22ifOb,Luvwere Dispensary
qBxArP5yT1I,Luwalika Health Centre
y3FF95NnZzl,Luwani Health Centre
qRO40W7cmWx,Luwawa Health Centre
upbCscjsSDs,Luwerezi Health Centre
Ie6bXE64qOA,Luwuchi Health Centre
p9HxhQYtEuW,Luzi Health Centre
h7qFHIsVs04,Lwazi Health Centre
eXttdubBDLr,Lwezga Health Centre
PFhr83vxGgZ,M'mambo Heaith Centre
vv5AP3nMhAz,Mabili Health Centre
HN3xPrwEli4,Machinga District Hospital
cYYZv88xBL6,Machinga Health Centre
LtrODoKSSgr,Machinjiri Health Centre
ZZNgP1RcC8H,Macro Blantyre 
dLEhItCFbai,Macro Lilongwe 
n6SrNst4ONq,Macro Mzuzu 
p3frzwQQnXF,Madede Health Centre
NTDKX0ejDoi,Madina Mobile Clinic
g9wv1lKcdzp,Madisi Hospital
JA9Ekal0Y2p,Madziabango Health Centre
gSVQoPw8dRz,Maera Health Centre
mmyOCoj42DP,Maere Health Centre
ael27YuIvji,Mafco Health Centre
N2OEuMkn2z4,Mafisi clinic
NPgTh8ar7Rg,Maganga Health Centre
NFqFeBSH2Re,Magareta Health Centre
MfSWVpArbHS,Magomero Health Centre
TkKOmywmjVx,Mahowe Health Centre
Tqy9Hzt0HYy,Majete 2 (Hunger)Health Centre
vZcq1BL4eig,Majete-3 (Hunger)Health Centre
HHK489bchmI,Majete1 (Hunger) Health Centre
ogCJRAEA06f,Makanjira Health Centre
a6SFNf7F567,Makapwa Health Centre
eZfOjVQcd0e,Makata Health Centre
TRDY52stPkd,Makhanga Health Centre
tCNxro4FiTA,Makhetha Dispensary
fmm167XcK2T,Makhwira Health Centre
H37Fo6H2Roi,Makiyoni Health Centre
q3B88KiRZ72,Makungwa Health Centre(Bvumbwe)
ctDR10R37Rw,Makwapala Health Centre
joh9QZI3a96,Makwasa Estate Clinic
SsBkD3XDOD7,Malabada Health Centre
kcEdNoW9QOb,Malambo Health Centre
MFvBkN5jzRF,Malamulo Day Clinic
UKeSrLQeuCm,Malamulo Hospital
Q7j0Yk4fDmo,Malawi Army Marine Camp Hospital 
fCSQlctoCLr,Maldeco Fisheries Clinic
UKbySUaELNM,Malembo Health Centre
tOaGG2xPLDm,Malembo Health Centre (Lilongwe)
BvmZAEbFgHw,Malidadi Health Centre
lP4THWArWA7,Malingunde Health Centre
obDGwQJFj5d,Malmed Private Clinic
n9kEwAvGSIu,Malombe Dispensary
mxfexio2lQ4,Malomo Health Centre
rKEqKuoGeKQ,Malowa Health Centre
dOgr5wPfLaq,Malukula Health Centre
LL3TLeE40xi,Maluwa Health Centre
xdPgIAQLQ6L,Mama Khadija Private ClinicNamwera 
zt2Jzw6wUcc,Mangamba Health Centre
vGbcjNT1TSJ,Mangochi District Hospital
GPslmIQyIyJ,Mangulenje Health Centre
jkGTBAmFE1b,Mangunda Health Centre
FPDJqyOOb4I,Manjawira Health Centre
YpAyWUsXP6l,Manolo Health Center
nDmSqHjGoHc,Manyamula Health Centre
YK6aK071R8v,Maonde Health Centre
XrE6S137IUq,Mapanga Health Center
NlBOlQkhfk5,Maperera Health Centre
ACgUJlruIQT,Mapeto DWS Clinic
Ljx0uViQtRg,Maravi Health Centre
z5QhXToeTgs,Mars Clinic 
oAX2IuKUC7A,Masasa Health Centre
c8uCPvKeeEM,Mase Health Centre
hj7sZWYuxTM,Masenjere Health Centre
tqyiGsEE1FJ,Masm Area 43
LLrZXqItgML,Masm Medi Clinic
CwXx44tbXVF,Masm Medi Clinic Katoto 
g9sKqV981QU,Masm Medi Clinic Lilongwe 
GQGxBnLrP91,Masm Medi ClinicLimbe 
iVOnl6X10Ym,Matanda Health Centre
JKAFWLrwdji,Matandani Health Centre
nyBn1aFSTnl,Matapila Health Centre
yREVcFcXe3h,Matawale Urban Health Centre
jeNQSrVSj0c,Matekenya Health Centre
bfDs0dTM81U,Matiki Health Centre
omQ3TWOHcDR,Matiya Health Centre
GjNQ12Y2l0F,Matope Health Centre
WIiA3ENQI5A,Matuli Health Centre
I5QjWlvvwsI,Matumba Health Centre
W423FAKdyEK,Maula Health Centre
sPwxCzvUtia,Maula Prison Health Centre Static Art
F6BWHBSv59O,Mauwa Health Centre
BU12lO6ynbT,Mauwa Maternity
JQgSk2DFvqZ,Mayaka Health Centre
U3ExHCyHDEZ,Mayani Health Centre
DbMbDgGQzLw,Mazabuka Medical Centre 
zR84MQKJlj4,Maziko Private Clinic 
xNJfdetFsOO,Mazunga Private Clinic
rwyqKbu6sVj,Mbabvi Health Centre
aLanDLYSxOP,Mbalachanda Health Centre
gRtggG07luV,Mbalanguzi Dispensary
AsETHxlmpIL,Mbang'ombe 1 Health Centre
rX8JkNx4U0A,Mbang'ombe 2 Health Centre
ELXUlTxf8K3,Mbanila Health Centre
ojywW0LnOe6,Mbayani Health Center
GMxiZxppgwD,Mbenje Health Centre
vHwtNk0Bvmi,Mbera Health Centre
rpW9v5wCsE6,Mbingwa Health Centre
dmGyp0vetoz,Mbiza Health Centre
iTzui2UcI8o,Mbonechera Health Centre
SrQ8y7MhCE6,Mbulumbudzi Health Centre
ERVjuHPNT3l,Mbulumbudzi Maternity
KRmwm560Ldo,Mbwatalika Health Centre
cPOF4KdmFAR,Mc Quire Wellness Health Centre
dttzdNvXHa5,Mchacha Dispensary
HC3bsEmqOGP,Mchima Clinic
dFFBYFnomxH,Mchinji District Hospital
c6WcEY1TXnq,Mchoka Health Centre
fQCAaNl0UMA,Mdeka Health Centre
jJwUNjSxgTS,Mdeza Dispensary
ECwzZkt3Rop,MDF Secondary School Clinic
H3xKaK0d3or,Mdunga Heallth Centre
qXsVFrRN4BB,Merit Private Clinic
gMuqGSS8knm,Mfera Health Centre
qb1Mj9bHSca,Mganja Maternity
inDCxEh9onL,Mhalaunda Health Centre
QrpvZldV7rA,Mhuju Rural Hospital
oXXbb8WAC4h,Mianga estate clinic
zq5yo5iRvsL,Midzemba Dispensary
PHIvzmuxq0q,Migowi Health Centre
ZEhFEU99s7M,Mikolongwe Health Centre
fQgxgDx2iHA,Mikondo Dispensary
rAdbHKHrveg,Mikundi Health Centre
yuC98hzOJTH,Mikuyu Adult Clinic
TCQVqqZMDUA,Mikuyu Young Clinic
MH3qGNRGA9d,Milepa Health Centre
C3eAtbe8AQW,Milonde Health Centre
YOhdb5QWf3k,Mimosa Dispensary
MCQRoU5bKZ7,Ming'Ongo Health Centre
f8vxxriQ29H,Minimini Dispensary
YDYPFwMDHNj,Misamvu Dispensary
WPueOTAiLN1,Misomali Health Centre
XnBB0NztocS,Misuku Health Centre
xEhYcXNLUVr,Mitsidi Health Centre(Lumbira)
aVmCsQGN0r1,Mitundu Rural Hospital
QRur3iZGQxE,Mjini Dispensary
FexDaTn0HFG,Mkanda Health Centre
je3gS5u3q51,Mkango Dispensary
F17kSj3t4iD,Mkhota R Growth Health Centre
K4fSBUiEBEX,Mkhuzi Health Centre
tRNfX43j5Mv,Mkhwayi Health Centre
y1zhkY1SAE9,Mkoma Health Centre
NTtMGoNspg9,Mkomaola Health Centre
XQ14A9f2j8N,Mkumba Health Centre
RQYBvIXGsDY,Mkwepere Health Centre
vlaK6dtRhxj,Mlale Hospital
cmCppSqIlzN,Mlambe Hospital
IvqvjIvVBaK,Mlanda Health Centre
a6eACcAs40A,Mlangali Dispensary
ONmU8CWhzv9,Mlangeni Health Centre
ObGhlP39lGg,Mlangeni Police Health Centre
o9B8rTitcGn,Mlare Dispensary
HYVLnrx75IO,Mlodza SDA Dispensary
ElXrgGgPfvw,Mlolera Womens Clinic 
SlyRIl4cwOF,Mlolo Dispensary
OUiAuB0Uc7D,Mlomba Health Centre
GSQ5TnX3yuJ,Mlowe Health Centre
uYi2L6Go4Qf,Mndinda Health Centre
mwyB6seePPU,Mnyanja Health Centre
rJjuBGDDPrG,Monkey-Bay Community Hospital
S9XMFfakFVw,Moyale Barracks Health Centre 
LGJ7Iyq5M8U,Moyo Wanga Pvt clinic
w8qa58C9FGk,Mpala Health Centre
YEVlg1UBA5H,Mpamantha Health Centre
cHhZC34cSCl,Mpamba Health Centre
Kxv4oNJw7DU,Mpasa Health Centre
n7QRqzjmhbr,Mpata Health Centre
zpInaIow7TF,MPC Bwaila ART CLINIC
d9yZ10QgeOl,Mpemba Health Centre
GJhhq8K1EBF,Mpepa / Chisinga Health Centre
KCFtEvMrZ3Z,Mphathi Health Centre
x6VWLw7WSUB,Mphelero Health Centre
D2lOPiKippv,Mphepozinai Dispensary
XazLGbIHFsc,Mpherembe Health Centre
hS2sYnTQbU3,Mphopha Health Centre
eXOvuYIG9YP,Mphunzi Health Centre
WaVNBxhEraz,Mpingo Health Centre
rl3pWoEjBn3,Mpiri Health Centre
AUDheLXTT2U,Mpondasi Health Centre
ueVjB10KIyz,Mponela Rural Hospital
tLsbScHkeRF,Mposa Health Centre
jgFPtgYE3C8,Msakambewa Health Centre
kEalcH7WPX0,Mseche Clinic
dE9wie8cYJB,Msenjere Health Centre
Um1JMpMYGpE,Msese Health Centre
R8oMSzJ1Txe,Msonthe Clinic
hLuqNN1enth,Msumbe Health Centre
wtmWonh9GZt,Mtakataka Health Centre
Fo4Nu1Khoqq,Mtakataka Police Health Centre
o0hX9ak46oU,Mtende Health Centre
r0KnLCBcTr3,Mtendere Health Centre
P4mpxuxgOZW,Mtengoumodzi Private Hospital
HkbvKBQFM6B,Mtengowanthenga Dream Project 
s79dCXbcoCA,Mtengowanthenga Hospital
TIa8uoFjhcd,Mtenthera Health Centre
U0L0TzkTg4Y,Mtimabii Health Centre
PxcYX4fmgXB,Mtonda Health Centre
tlqs0jOTw9o,Mtosa Health Centre
PbfmrMdVBs3,Mtunthama Health Centre
JeL4xvlOwsv,Mtwalo Health Centre
CpJKFMjPNUc,Mua Health Centre
niNbaFnNCgp,Mua Mission Hospital
Nepy3vH3e6g,Mulanje District Hospital
MKIDkeCfVCc,Mulanje Mission Hospital
GjCDed8EK8B,Mulibwanji Hospital
ijqBzVGbncx,Mulomba Health Centre
P5U57FLrPxL,Muloza Health Centre
jHjfJQsvt47,Muluma Dispensary
YpOsxnyWD67,Mulungu Alinafe Health Centre
atRsAeYj8bo,Mumbwe Medical Centre 
QKnbzIuwFb6,Mvera Mission Health Centre
aockNsOfjIt,Mvera Support Battalion Health Centre
f2PAHAHGZS4,Mwachira Private Clinic
YGIGbwqnA9M,Mwaiwathu Private Hospital
jyoWzEvm0XC,Mwandama Health Centre
Js5P9ZU5K6r,Mwanga Health Centre
ZctUHvWm292,Mwangala Health Centre
Rf1rrKDqc9l,Mwansambo Health Centre
ojR8a0Xu9A3,Mwanza District Hospital
dviOrlXivOL,Mwanza Illovo Clinic
aqRm9wq0aIA,Mwaya Health Centre
i14i0hgyT2B,Mwayi Private
JeN3ydrU4lR,Mwazisi Health Centre
iQmvSbGhycA,Mwima Health Centre
tca66OfpOph,Mzalangwe Health Centre
L0obMixrYsw,Mzambazi Rural Hospital
zbzy1EAHemL,Mzandu Health Centre
aqXXwPBKm5w,MZCH Administration
qpTxZ9rVSM1,MZCH Anaesthesia
JEQMfmkXD7t,MZCH Dental
rS3100micWB,MZCH Finance
EQcW1vRvimd,MZCH HDU
orwhH7mOd1V,MZCH Health Technical Support Services
p3KWpkPzZE3,MZCH Human Resources
Pac7eCYnh3A,MZCH ICU
GxyJ1rhBJ5b,MZCH Internal Medicine
woxoVqcOSS8,MZCH Medical Rehabilitation
N9KEEZcocfi,MZCH Mortuary
b3a8xY9DTLQ,MZCH Nutrition
Un609cy5Wxt,MZCH Obs and Gynae
itHrcZFDWcK,MZCH Oncology
QKYpoFi4mxL,MZCH One Stop Centre
zhMjLQ4wqyF,MZCH Opthalmology
MStDtqzWNLS,MZCH Orthopaedic
UVp6BE5BvG3,MZCH Paediatric
Ijjz00EAb72,MZCH Surgical Department
eUSjlrkXxaj,MZCH Theatre
DCafjM4Ew3G,Mzenga Health Centre
Z9eQMdFHCOd,MZH AETC
cSy0ziWTpJx,MZH Paying Ward
tsMtNUcvRPT,MZH Short Stay
H58PMzo9Xii,Mzimba District Hospital
GaqkYT3AgFn,Mziza Health Centre 
bYR9HESsWKd,Mzokoto Health Centre
eywf2mgdPPI,Mzuzu Central Prison 
sJQF7WPP2Ck,Mzuzu Police Dispensary
rHtjCrmXd7e,Mzuzu University Clinic 
cQ41y2ym2RV,Mzuzu Urban Health Centre
UlGsSjoERdc,Nainunje Health Centre
ncRCRH1homB,Naisi Health Centre
yRUuIksTiLm,Nakalanzi Health Centre
jcUguNrYDmp,Nalunga Health Centre
bHXisKRaXOR,Namadidi Dispensary
bthDRjgyzgo,Namadzi Health Centre
JRwvE3EiDuo,Namalaka Health Centre
KEPMWjMdxDG,Namandanje Health Centre
XG7w56VzqMn,Namanja Health Centre
spgBSrohYPo,Namanolo Health Centre
asiPyqS8rHs,Namasalima Health Centre (Mulanje)
mR7n2aiuf2m,Namasalima Health Centre (Zomba)
AyarnjnokWg,Nambazo Health Centre
FIHIYv39yqU,Nambiti II Health Centre
qlkyWX9EEaw,Nambuma Health Centre
AWytIG2qdwP,Namikango Health Centre
sTjTxJqSCWE,Namikoko Health Centre
VLJsrQrzivg,Naming'omba estate clinic
zgQjvfvY38A,Namisu Dispensary
TArV024FtcH,Namitambo Health Centre
OAXUYKyVuIz,Namizana Dispensary
PxkHQqgxweP,Namphungo Health Centre
uLVlUIL4rlD,Namulenga Health Centre
SjXKV0RvdBG,Namwera Health Centre
Q90Za7zl8zB,Nancholi Dispensary
D5r4oBqr9BN,Nancholi YO Palliative Care site
tVpkUqyzg60,Nandumbo Health Centre
xSi6MZN3hAK,Nangalamu Health Centre
oS0WaJ5v6t4,Nankhwali Health Centre
cnUCvDXttIv,Nankumba Health Centre
iQKnRKmqARP,NAPHAM Clinic
akhqt6Z6B7x,Naphimba Health Centre
RicJ2qmCw3g,Nasawa Health Centre
AgYrPo8MW5I,Nathenje Health Centre
fwctySB9ovz,Nayuchi Health Centre
nXFq0fzH08I,Nchalo Hunger (MoH)
EdY8ZVRq9ST,Ndakwela Health Centre
pSYB6OucIkn,Ndamera Health Centre
Pw6JwUkqdlF,Ndaula Health Centre
j49yi7OyTf6,Ndimoyo Palliative Care Centre
zizB8oIwvOJ,Ndirande BLM
M5ZUfC4v8GV,Ndirande Urban Health Centre
YxzE6eiZh7V,Ndunde Health Centre
Rmh4wKR794k,Neno District Hospital
I4Vox6oteWl,Neno Parish Health Centre
s0Wy1UgxpqI,New Statehouse Dispensary
XkcRltXu9tK,Newa / Mpasazi Health Centre
CyLPblDfB5N,Ng'onga Health Centre
r1idesX7bX6,Ngabu Rural Hospital
yJV9qRDSt9V,Ngabu SDA  Health Centre
tTaiG5Qrcyr,Ngala Health Centre
Cas9rlkSOQn,Ngana Health Centre
VWvs8SJXcRe,Ngapani Health Centre
LTFJhIOv3VP,Ngodzi Health Centre
UltcvVpNf8r,Ngokwe Health Centre
U1sHpxxw4WH,Ngoni Health Centre
grLzTEcg70S,Ngwelero Health Centre
CZXbHCpGcTW,Njuyu Health Centre
Phu68UfvSy0,Nkalo Health Centre
TOHfssdeOr9,Nkasala Health Centre
N4dbtgJAnhw,Nkhalango Private Clinic
QcCfOxMgWJN,Nkhamenya Hospital
cGvhk2ChRaA,Nkhande Dispensary
Cr4BIZYc1Ks,Nkhata Bay District Hospital
UhakMoxPLoa,Nkhatabay Private Clinic
cW0qFAm1C3P,Nkhataombere Maternity
wPja49DJa2A,Nkhoma Hospital
dz2aFcg1wHo,Nkhorongo Health Centre
eLLoifuK7RA,Nkhotakota District Hospital
IFWkUcZya9D,Nkhulambe Health Centre
RQX6rnfUsBD,Nkhunga Health Centre
BogAIA30ZjT,Nkhwazi Health Centre
PY3CbMBy53P,Nkomaula Health Centre
cjXYVRHJjQn,Nkombedzi Health Centre
jrlOSjcDYGN,Nkope Health Centre
cfzBcWqPOoy,Nkula Health Centre
OH6iMGjGTbZ,Nkula/Tedzani Clinic
bwhjLosc8k8,Nkumaniza Health Centre
rIFUCMVM6i2,NRC
zUquZgXa6Rm,Nsabwe Dispensary
HxziIaDjatq,Nsambe Sda Health Centre
DLSIRdTyKv3,Nsanama Health Centre
tVuIhivYk9N,Nsanje District Hospital
lxulWQBn6fT,Nsaru Health Centre
DZq9bb4C1Jn,Nsipe Health Centre
GYlTZXKcHxA,Nsiyaludzu Health Centre
Ybh0Ww4WWVx,Ntaja Health Centre
irf8hxUohn5,Ntcheu District Hospital
qXwx6gQyNBv,Ntchisi District Hospital
I6ZujG9AVcl,Nthalire Health Centre
mEYFrYZrHrN,Nthenje Health Centre
VSHsslABmXE,Ntholowa Health Centre
yzgU0YKoHnq,Nthondo Health Centre (Lilongwe)
xQBYdqlCMvU,Nthondo Health Centre (Ntchisi)
qXonH3FiBYn,Nthungwa Health Centre
yqRWtPJP1BG,Nyamanda Pvt Clinic
CedL5WOqd2I,Nyambadwe Private Hospital
ZD6zoYO03cf,Nyambi Health Centre
zCPRlak2MqT,Nyamithuthu Health Centre
BoFpWeZOB2l,Nyanja Health Centre
xr2MuALneJH,Nyungwe Health Centre
xiPaD8Vsm7n,Nzama Health Centre
bWYHqt0OcHy,Ofesi Health Centre
ZqRS6PkibPM,Padley Pio Health Centre
Y4g17ECjSHt,Paracchute dispensary
FHaAx124JwD,Partners In Hope Clinic Moyo Clinic (public)
oAbzoo8jsNn,Partners In Hope ClinicDalitso Clinic(private)
xN8oZzMyC33,Pensulo Health Centre
zDFhyylZv3c,Phalombe Health Centre
m03CECb09qZ,Phalombe Mission Holy Family Hospital
Xp3wYJuLYue,Phalula Health Centre
fzNTz7Gcejn,Phanga Dispensary
OmkxKPS11ej,Phimbi Health Centre
IXMfufQaORA,Phirilongwe Health Centre
t0NplMFqDph,Phokera Health Centre
nCX7iqBMNwM,Pim Health Centre
X3O5uAX04Z9,Pirimiti Health Centre
PbvsqIcWCec,Police (Area 30) Dispensary
BVyPLf3Mm43,Police College Dispensary
xv1ibnyVokh,Police College Health Centre 
QwBJxR5kKa1,Police Hospital
nFIyDVJHSgo,Polytechnic Clinic 
abwaidMcPpQ,Press Cooperation Clinic
NGuDniOCUN5,PSI
xR6l67TETM8,qech Anaesthesia and Intensive Care Department
Cv9mzdDWJ4k,qech Clinical Support Services
ubxoYJhDkDr,qech Dental Department
wJh3Ny3R0Po,qech Management Department
hPt56azxpFU,qech Medical Department
l3JLs9yhxbV,qech Neurosurgery Department
Xke4dPY463J,qech Obs and Gynae Department
W2dOG7yPSYg,qech Oncology department
KrmJyodYZUR,qech one stop centre
L3msdyyEwrq,qech Ophthalmology Department
SwqpCcvs88O,qech Orthopaedic Department
v7couup1r8U,qech Paediatric Department
JmJ2730IHKf,qech Paediatric Surgery
p58inz2GiwQ,qech Rehabilitation & Palliative
aXdTEa1tZyk,qech Surgical Department
UAl6raBTebe,Queen Elizabeth Central Hospital
G6HYLoDmHdT,Raiply Clinic
uOxLo7wYTRA,Raiply Dispensary
WU9qmsrke3o,River of Life Clinic
kKaGzpI0IKd,Ruarwe Health Centre
ELlvUH7sci2,Rumphi District Hospital
ZbuBESAP1bq,Ruo Dispensary
BuyHhYha5dP,Sadzi Health Centre
D4HrpFEtQRq,Salima District Hospital
VQ55OUjplL7,Sambakusi Health Centre
SykBimJT1V2,Sambankhanga Health Centre
miqv8CSP673,Sandama Health Centre
r0Elt6wypHg,Sangilo Health Centre
H64Mae6Suyl,Sanjika Clinic
xhQxgh1GSkX,Sankhulani Health Centre
B1gKsva7Nw4,Santhe Health Centre
S0KCNuAkdMR,Satemwa Clinic
ceJLGDr1eVI,Senga Bay Baptist Dispensary
FWZnvXYdJV6,Senzani Health Centre
Wwu7pZG2KuR,Sharpe Valley Health Centre
CMTihDdVodi,Shifa Private Clinic
xcRa7FraazI,Simlemba Health Centre
OojoWe533hy,Sinyala Dispensary
QJKJi4blhkg,Sister Teleza Community Hospital
AiR2MD63tCb,Soche Maternity
nKzxabl3RpR,Soche SDA Dispensary
HrORTH4UNrp,Somba Health Centre
tWHl2Y9tGSe,Sorgin Health Centre
rrTE8OcL49T,Sos Childrens Village Blantyre
qJRzJoylexL,SOS Clinic
OJhXyqgy2Qm,South Lunzu Health Centre
hwx0GuqLuBN,Sr Marthas Health Centre
u9OaAjL9cih,Ssh Clinic
WEXi1SR3Ps6,St Andrews Community Hospital
fA5VQVs3L2A,St Annes Health Centre
VQ1v5jwMz7G,St Augustin Anglican Clinic (Shayona)
M438IpmrFy5,St Gabriels Hospital
DJ8gHyjgiVL,St Johns Mission Hospital
Q9p5l8Liv8c,St Johns of God Mental Hospital
jm5VShYSJ35,St Josephs Mission Hospital(Nguludi)
plC4nwLdlbf,St Josephs Mitengo Health Centre
rohhSzKgCbr,St Lukes Hospital
RfcuOXpbcam,St Martin Hospital
POK4qrJEUda,St Martins Molere Health Centre
a8NecI8jzqL,St Montfort Hospital
F5rBhJR8YzL,St Patricks Health Centre(Rumphi)
CsyzgID0Nif,St Peters (Likoma) Rural Hospital
rLCi8itMAng,St Peters Hospital
q4hK217Rtbr,St Vincent Health CentreChadzunda
pqKNCtpevif,St. Annes Mission Hospital
TfUBwEL4ESW,St. Faith Health Centre
yftleYsvzyI,St. John of God Mental Hospital (Lilongwe)
ZEdyB0IvOj3,St. Kizito Dispensary
CKRqkhgVqwJ,State House Dispensary
pix1qzSosTb,Sukasanje Health Centre
hyQSe6rVikw,sunrise clinic
PEHVxojxzOF,Tachira Private Clinic 
BU7rorTM59N,Tcharo Health Centre
PfE0xKirf0K,Tedzani Clinic
sKN6JyTFe9M,Tedzani Escom Clinic
tfkK9FkHh3n,Tembwe Health Centre
O4OnTZDe6YW,Tengani Health Centre
OfoB1qVuiwI,Thambani Health Centre
or37YlPVkxQ,Thavite Health Centre
oF4LyJn1q4E,The Clinic
G5c744Vg7aq,Theatre For Change Clinic
INxuyEdPFCm,Thekerani Rural Hospital
Y06YIhXv9wY,Thembe Health Centre
TKKQUXqRrrr,Thomas Health Centre
WSD1egGlSlf,Thondwe Health Centre
V75SGRWLZNR,Thonje Health Centre
xIfDdYzRS5G,Thuchila Health Centre
tlDXiuRLOpw,Thumbwe Health Centre
O6DhPzoQAUm,Thunduwike Health Centre
RCNInuIslmh,Thunga Health Centre
Obpw5vLlCtg,Thyolo District Hospital
Kash20S32hR,Tikondane Private Clinic
lrb5YjvXHcf,Tiyese Private Maternity 
iRQXiwCxsE8,Trinity - Fatima Hospital
rLjop5TPyxt,Tsangano Health Centre
NZE1wxbWvTa,Tsoyo Dispensary
WzvT614Stek,Tukombo Health Centre
UDVA59g76b9,Tulonkhondo Health Centre
Q8nVnVo1NOY,Ukwe Health Centre
GlTM0PVLNMX,Ulongwe Health Centre
c07BSKSIfAF,Umoyo Private Clinic
S9hz5mgJUjI,Umunthu Foundation
vaCqY6Cv5G4,UNC
m6YZsECSfOK,Unilever South East Company Clinic
FPRoiJAvYTh,United Bus Company Clinic
Wh3m13Uzsn7,Usisya Health Centre
uKJ1hfxCykV,Utale 1 Health Centre
cPO0zV087kQ,Utale 2 Health Centre
BtjLFnqUPEj,Vibangalala Dispensary
duwtTjuHUih,Vizara Dispensary
uBmhSlPGXCC,Waruma Health Post
M7TlHaVIPLz,Wenya Health Centre
yr54vCUBTIZ,Wezi Medical Centre 
kUmwU0N12O7,Wiliro Health Centre
bPKUlNCxhvT,Wimbe Health Centre
bLAoLBIwbSn,World Medical Fund 
TLPAp986efZ,Yankho Private Clinic
NW5K84KJ4xp,zalewa Dispensary
VYfQekEKBIZ,Zch  Other stand alone
HN4CYqvaz2x,Zch Aenaesthesia & Intesive care department
cDCaEJPNMiV,Zch Dental department
aHZkp6KyuD7,Zch Dermatology
v0T5VTooRPO,Zch Medical department
IJmW4oX63UE,Zch Obs and Gyna department
xtnqzBUBo3g,Zch Opthalmology
ulVyxasEb0Y,Zch Orthopaedic department
CiDTMMjTXxC,Zch Paediatric deparment
DOwQkYSluOZ,Zch Surgical department
P3bvgqs7mIQ,Zilindo Health Centre
g9d246Hnb7w,Zingwangwa BLM Clinic
gTkYqxfVTM0,Zingwangwa Urban Health Centre
i6PjWckrs7y,Zoa Dispensary
iaUfnrbzQ9d,Zoa Health Centre
B9FD1zCgB3t,Zolozolo Health Centre
A8FCrw9vdEI,Zomba Central Prison Clinic
RY0I8Ha0azq,Kamuzu Central Hospital
EQg6N2v2TXj,Mzuzu Central Hospital
aimBmvkBWy3,Queen Elizaberth Central Hospital
uJG4WFdUJSv,Zomba Central Hospital
S1l6Df6SvLL,Zomba Mental Hospital