location_id,site_code,name,parent_site_code,district_code,dhis2_code,site_id,partner
68229d3225ec433181cee27f389a2100,martin_preuss_centre,Martin Preuss Centre,lilongwe,11,1832,700,Lighthouse
a056d063901f490ba6db64b94427e2f6,st_marys_clinic_training,St Marys Clinic (Training),lilongwe,,,,
366aae3127cb44ab8ae67417f44d1cf3,ben_carson_clinic,Ben Carson Clinic (Training),lilongwe,,9876,1332,
694b2eadfe9145bf837044a094101ff8,mnyanja_health_centre_kasungu,Mnyanja Health Centre (Kasungu),kasungu,,2520,1076,
2c5670a858fa4398aa918e01602770ad,kavuzi_cumnoc,Kavuzi Cumnoc,nkhata-bay,,323,1075,
4c681dbe61d14074ab987690053e56be,st._augustine_health_centre,St. Augustine Health Centre,kasungu,,3147,1074,
834c5b0c0c5448cba9a491693fd958b1,st._faith_health_centre,St. Faith Health Centre,kasungu,,1038,1073,
973bace38a2741b28617c7540e2518b4,enukweni_health_centre,Enukweni Health Centre,mzimba,,406,1072,
4d293220697f48c98a236913338449cf,mahowe_health_centre,Mahowe Health Centre,chitipa,,126,1071,
6f34c651ab754361ab6b7c92a029ba86,chisansu_health_post,Chisansu health post,chitipa,,110,1070,
978e13ad330c49eb88b443101c4a22bb,nancholi_youth_organisation_clinic,Nancholi Youth Organisation Clinic,blantyre,,2525,1069,
7207f3b98afd4ac291b93cffa45fbb15,kaongizi_health_centre,Kaongizi Health Centre,nkhotakota,,1121,1068,
0768c181db364b068f072570ddcc74b0,mehboob_clinic,Mehboob Clinic,mangochi,,3419,1066,
c6e6b59249f94cda8840afeb66f0300f,umunthu_foundation_clinic,Umunthu Foundation Clinic,blantyre,,319,1062,
e969caa412044e66a2a030a464a12d76,kameza_macro,Kameza Macro,blantyre,,2956,1061,
30247b3bb40d43d6817433ee6a23bd57,amecca_chilaweni_health_centre,Amecca Chilaweni Health Centre,blantyre,,5077,1060,
86dba1ec2d674ecb97e02edb5e4fdfef,ngabu_sda_health_center,Ngabu SDA Health Center,chikwawa,,1110,1059,
8e4512b0e9364c5bbb9bca298515b222,gateway_clinic_blantyre,Gateway Clinic (Blantyre),blantyre,,2999,1058,
86ea703327384e14ad52ac5d0c0faa94,fidelity_private_clinic_lilongwe,Fidelity Private Clinic (Lilongwe),lilongwe,,1575,1054,
f03ec344de984895a636fa12c291a1ea,mcguire_wellness_center_child_legacy,McGuire Wellness Center (Child Legacy),lilongwe,,3151,1053,
42e0225e64b64ef78f4dfe9df8eafe42,mazunga_private_clinic_nkhota-kota,Mazunga Private Clinic (Nkhota-kota),nkhotakota,,218,1052,
36ad426f97b24beebabe0846ba1ef9af,malowa_health_centre_nkhota-kota,Malowa Health Centre (Nkhota-kota),nkhotakota,,3805,1051,
7a62ec894cbe40d9992901d41cf763e0,world_medical_fund,World Medical Fund,nkhotakota,,2735,1050,
a79644511e7242ff80ef75f7a5ae6570,fpam_clinic_kasungu,FPAM Clinic Kasungu,kasungu,,729,1048,
ef20acc676554e3a9fd76e435f65f3cd,kalikeni_private_clinic_kasungu,Kalikeni Private Clinic (Kasungu),kasungu,,1045,1047,
c7d9bb1c3aed4dd583005696fd49156e,mziza_health_centre_kasungu,Mziza Health Centre (Kasungu),kasungu,,730,1046,
000486b91d7541978d82a5434e95d662,yankho_private_clinic_kasungu,Yankho Private Clinic (Kasungu),kasungu,,1041,1045,
05a5148e34384fcc8b9d5a7def27360c,mpepa_health_centre_kasungu,Mpepa Health Centre (Kasungu),kasungu,,3146,1043,
11d53cb0896b4651af0b5dbdd258a0d2,kamuzu_academy_clinic,Kamuzu Academy Clinic,kasungu,,1054,1042,
e334cfc8b0374ae092a558a69786ea42,st_andrews_clinic_kasungu,St Andrews Clinic (Kasungu),kasungu,,213,1040,
5bdae6d3ecc54fb0bd4cb82d09901218,lodjwa_health_centre,Lodjwa Health Centre,kasungu,,1608,1039,
107924f20e084d3caf66e90d0182bf87,mdunga_health_centre_kasungu,Mdunga Health Centre (Kasungu),kasungu,,1028,1038,
4b631281a9be49988fbe267837a21d96,st_theresa_health_centre_malambo,St Theresa Health Centre (Malambo),ntchisi,,515,1035,
14b57ff57cfd47648288d7f18998744a,kasese_health_centre_dowa,Kasese Health Centre (Dowa),dowa,,106,1033,
851779dab2084a47ae14eb7d745194c6,chizolowondo_health_centre_dowa,Chizolowondo Health Centre (Dowa),dowa,,1321,1032,
cf413321d73447fe87a587802659c5ac,fpam_clinic_dowa,FPAM Clinic Dowa,dowa,,1031,1031,
95263339bbea47dda6f386a66a38910b,chakhadza_health_centre_dowa,Chakhadza Health Centre (Dowa),dowa,,1302,1028,
447b9d8fc2cc4353a10eb6017d2eb4e7,life_line_salima_health_centre,Life Line Salima Health Centre,salima,,1407,1027,
5ed300256fe647a0a25885bb37d32f9f,parachute_battalion_clinic,Parachute Battalion Clinic,salima,,1555,1025,
cb44c8fbc8e84763a1445d824711f9a6,katawa_health_centre_salima,Katawa Health Centre (Salima),salima,,1426,1024,
c20477867dd14bcf8e67441f6a1a522b,chagunda_health_centre_salima,Chagunda Health Centre (Salima),salima,,1423,1023,
3e0658b8803947fc98de1dcfacd75844,chimwawa_health_centre_chiradzulu,Chimwawa Health Centre (Chiradzulu),chiradzulu,,3518,1022,
66c8dac88dfd4bb2aba89eb5aac95cc9,akasale_private_cinic_chiradzulu,Akasale Private Cinic (Chiradzulu),chiradzulu,,2817,1021,
e0152828111e4e2bba835271050a9f49,lunzu_banja_la_mtsogolo_dispensary,Lunzu Banja La Mtsogolo Dispensary,blantyre,,207,1019,
372fa878657e4f15b98c38928b0dcf9a,chilonga_health_centre_mangochi,Chilonga Health Centre (Mangochi),mangochi,,2541,1018,
7e7220ac1be14276974a7a380c0b44e3,malukula_health_centre_mangochi,Malukula Health Centre (Mangochi),mangochi,,1523,1017,
fcd79a883c134df1be56edde69c3ac30,somba_health_centre,Somba Health Centre,mangochi,,3412,1016,
1b4d1df13403477d9178257fd737f8ba,billy_riordan_memorial_health_clinic,Billy Riordan Memorial Health Clinic,mangochi,,2567,1015,
77e409d5935c4fe9a28a958c898ceb6b,kadango_dispensary_mangochi,Kadango Dispensary (Mangochi),mangochi,,2995,1013,
37d15b69f1334dac962fe4bce0daeaf0,malawi_army_marine_camp_hospital,Malawi Army Marine Camp Hospital,mangochi,,2545,1012,
afab32f93dd74c3dbf2ae49d7d97fc82,mama_khadija_private_clinic_namwera,Mama Khadija Private Clinic (Namwera),mangochi,,2620,1011,
e413485062264379b23ccbe12ebbffa2,chiunda_health_centre_mangochi,Chiunda Health Centre (Mangochi),mangochi,,2533,1008,
cb7aa9667181416f9a3c23db5fecfbf2,malembo_health_centre_mangochi,Malembo Health Centre (Mangochi),mangochi,,2515,1007,
e2056a0756bd4675b52c3a9cd15a5c74,sister_martha_hospital_mangochi,Sister Martha Hospital (Mangochi),mangochi,,2559,1006,
64443b1c8e164447b7689501a93a8c03,ntholowa_health_centre,Ntholowa Health Centre,machinga,,1540,1004,
5cec1f14bc94459e8f6ab93bee002b75,liwonde_medical_clinic,Liwonde Medical Clinic,machinga,,1816,1003,
b5c75a5343134a78a2427a7c92509653,mangamba_health_centre_machinga,Mangamba Health Centre (Machinga),machinga,,2517,1002,
e7ba55d7f51d42b1bfc7562a6342bf66,friends_of_mulanje_fomo,Friends of Mulanje (FOMO),mulanje,,1020,981,
28b2a719397a47758f32290f0519e463,ruo_dispensary,Ruo Dispensary,mulanje,,2734,979,
cf9b493898114d70b5fab21bee8b0e26,nazombe_health_centre_gogo_nazombe,Nazombe Health Centre (Gogo Nazombe),phalombe,,3314,976,
0ee8f36e7834412f87a4b3134cc697ed,mulungu_alinafe_clinic_phalombe,Mulungu Alinafe Clinic (Phalombe),phalombe,,1316,975,
319e0b5994154862beb6fcbfbce74ad5,namdumbo_health_centre,Namdumbo Health Centre,balaka,,2715,970,
906fd5d481f249cd91c83ba701ec6b9e,chimatilo_health_centre,Chimatilo Health Centre,balaka,,3626,969,
516326975d3145d995b93c6e9e4f14cd,chilomoni_private_clinic,Chilomoni Private Clinic,blantyre,,5002,965,
8729d7f442e7461dbfac95fab594edb0,bangwe_madina_health_centre,Bangwe Madina Health Centre,blantyre,,2925,964,
56e69631614949e7abc18d54a6c4e01a,moyo_private_clinic_blantyre,Moyo Private Clinic (Blantyre),blantyre,,5020,963,
873fd35280734ee3ac500125829c7187,soche_adventist_health_centre,Soche Adventist Health Centre,blantyre,,2919,962,
765ffab496bc4f2f8402a16115d88df8,merit_private_clinic,Merit Private Clinic,blantyre,,3320,961,
af97c895451d403288f1a18756a436da,el-barakah_private_clinic,El-Barakah Private Clinic,blantyre,,208,960,
24017d8b2e2e4ea8b80d4939761ac09c,shifa_private_clinic,Shifa Private Clinic,blantyre,,5028,959,
8bf19cdf29624086a017c3a76cc7b939,malamulo_day_clinic,Malamulo Day Clinic,blantyre,,3111,958,
1ecd71580f4c4bdd874fb4e4af37d59e,mbayani_health_centre,Mbayani Health Centre,blantyre,,3406,957,
1ee3f3e4139c4c1991b858db1cb7e0e7,mpingo_maternity,Mpingo Maternity,blantyre,,2608,955,
211b0b29bb60404dbf9543961abe5ef5,pensulo_health_centre,Pensulo Health Centre,blantyre,,3512,953,
fa1bbe8d3d784da2b8343e61738f0389,chilimba_city_clinic,Chilimba City Clinic,blantyre,,2934,952,
d8c76d3369964ea88cada36c921f95b1,malabada_health_centre,Malabada Health Centre,blantyre,,2965,951,
8079df9daa544b4298fb7c104c021da6,sanjika_clinic,Sanjika Clinic,blantyre,,3411,950,
df44e973ec0d4909bb1d4e413317a7c8,lumbira_/_mitsidi_health_centre,Lumbira / Mitsidi Health Centre,blantyre,,2910,949,
31eb6492276a461780d74afca5ac805d,kanjedza_police_clinic,Kanjedza Police Clinic,blantyre,,3604,948,
0a1c775b1bec4687b503663a98017a50,malmed_private_clinic,Malmed Private Clinic,blantyre,,1116,947,
4c747d281f8745c98437824aef8aac0e,nyambadwe_private_hospital,Nyambadwe Private Hospital,blantyre,,2617,946,
d7f8e20307ec4fd1b8f697640ffffcd2,chichiri_prison_clinic,Chichiri Prison Clinic,blantyre,,2940,945,
77498b4124e24dc386b89a6c9e1df4e2,mwachira_private_clinic,Mwachira Private Clinic,blantyre,,2931,944,
dd79e95813dd43858f4997492ed2da38,chavala_health_centre,Chavala Health Centre,blantyre,,3517,940,
3b631882a6f1402f8b2ef46d04cb8f9e,polytechnic_blantyre,Polytechnic Blantyre,blantyre,,2926,939,
fdd7ce06b6c44574991dd2177240c469,mtengoumodzi_private_hospital,Mtengoumodzi Private Hospital,blantyre,,1315,938,
d7cf06b6bf0b4d0991169185597a9e64,limbe_diagnostic_centre,Limbe Diagnostic Centre,blantyre,,2908,937,
432787ebc29a472f8c04c92c6b16b307,chichiri_escom_clinic,Chichiri ESCOM Clinic,blantyre,,2987,936,
e68292d182fd4c72be41b9fc60993268,pace_clinic,Pace Clinic,blantyre,,5029,935,
04af4bba52e043cfa1b8121cd8c3082f,lafarge_cement_clinic_blantyre,Lafarge Cement Clinic (Blantyre),blantyre,,5070,934,
b95b6da5960142319f63c507fbb5f87b,masm_medi_clinic_limbe,MASM Medi Clinic Limbe,blantyre,,2741,932,
80dd54047405407eb8707dde1f3f841f,blantyre_water_board_clinic,Blantyre Water Board Clinic,blantyre,,2941,931,
ca3a733e923941f1b67b145d09b35662,chitawira_private_hospital,Chitawira Private Hospital,blantyre,,2948,930,
c1f8830fd2e8429ba745f4b670065170,st_vincent_health_centre_chadzunda,St Vincent Health Centre (Chadzunda),blantyre,,3329,929,
be574df6a7ea4553a9757afcd7e8c31b,dziwe_health_centre,Dziwe Health Centre,blantyre,,2907,928,
20bb9e4141994815936dc8f35be4e6c9,makheta_youth_organization_clinic,Makheta Youth Organization Clinic,blantyre,,3310,927,
0726c194af45405e9924602cc6bf034a,makungwa_health_centre,Makungwa Health Centre,thyolo,,2711,925,
841f6eb270684e58b69ccd0eaa3e2c11,satemwa_clinic,Satemwa Clinic,thyolo,,1416,924,
9ed9acd0206b4e43a23e435e94767970,zoa_health_centre,Zoa Health Centre,thyolo,,2759,923,
30614985da424405b4560dcd0093f978,mchima_clinic,Mchima Clinic,thyolo,,1609,922,
1667875e78724e1ab55eb7d03107f49e,thunga_health_centre,Thunga Health Centre,thyolo,,3121,920,
9bb783dc910f4f6ab38f6a350c5f6de3,makwasa_estate_clinic,Makwasa Estate Clinic,thyolo,,2933,919,
ad7e73b04e05428fa076d3e9f66bb71c,chisoka_health_centre,Chisoka Health Centre,thyolo,,3127,918,
ffbcd50f63b64ee78c3ce4f5c044b916,didi_health_centre,Didi Health Centre,thyolo,,3128,917,
bf534eacb0dc4c789984ee90d554677f,mianga_health_centre,Mianga Health Centre,thyolo,,3708,916,
93b930b86eb347fc9170cc86d13df846,sambankhanga_health_centre,Sambankhanga Health Centre,thyolo,,212,915,
65797c7b35d248fabadc5ae3912e6d53,amalika_health_centre,Amalika Health Centre,thyolo,,3126,914,
40440bf8e3094f80b17ecc5fc17f89f9,gombe_health_centre,Gombe Health Centre,thyolo,,3107,912,
339a1d1ef0b34ed990239320f0321ae8,ndakwera_health_centre,Ndakwera Health Centre,chikwawa,,3408,911,
5d8d961d8a364320832ec7b667c7d5b6,lengwe_health_centre,Lengwe Health Centre,chikwawa,,1422,910,
a2cadd4aaa1242108a8baa7a7d1e625e,alumenda_health_centre,Alumenda Health Centre,chikwawa,,3324,909,
87278b6bfafb41f48bfea211c9b66de0,majete_epicenter_health_centre,Majete (Epicenter) Health Centre,chikwawa,,2514,906,
fe4ea54c44fb442f9a122e1cabb87266,bereu_health_post,Bereu Health Post,chikwawa,,3322,905,
907536cc163e465682b1207340bc046f,kapichira_escom_clinic,Kapichira ESCOM Clinic,chikwawa,,1105,904,
01c7f62736184ba0bcbf19273acf91c6,nkombedzi_health_centre,Nkombedzi Health Centre,mangochi,,2528,902,
ff2e0092d41042f580274792b0e8def7,mangulenje_health_centre,Mangulenje Health Centre,chikwawa,,3112,901,
a95e53bd480e4e6e824ba2d7b412f13b,chithumba_dispensary,Chithumba Dispensary,chikwawa,,3317,899,
50c51731b1534bf6bcc77066a83c0256,phokera_health_centre,Phokera Health Centre,nsanje,,2810,898,
17d49a237aea406b9c470545c74781b8,tikondane_private_clinic,Tikondane Private Clinic,nsanje,,3414,897,
09089e6495c843a892216b3f622a7a49,alliance_one_clinic_lilongwe,Alliance One Clinic (Lilongwe),lilongwe,,4047,890,
1bb41158ce3c4bd8901e49788e48ca94,ganya_health_centre,Ganya Health Centre,ntcheu,,1808,889,
bae495dbfdf34966a6b408f214efb319,fpam_clinic_ntcheu,FPAM Clinic Ntcheu,ntcheu,,726,887,
11e472168df34b5aaac709608ba9cfc1,kalimanjira_health_centre,Kalimanjira Health Centre,ntcheu,,3505,886,
8de8d833c312486fb38ade99001118fd,champiti_health_centre,Champiti Health Centre,ntcheu,,1838,885,
51c6c6bf46a0434d9758dacce6969971,mganja_health_centre,Mganja Health Centre,dedza,,523,884,
05926c56c7ac4c81a6ca117fe40c056d,tsoyo_dispensary,Tsoyo Dispensary,dedza,,3003,881,
3ccd419618ad454a95502466a9b9979f,mphati_health_centre,Mphati Health Centre,dedza,,1822,879,
fb1d8cb37c0e442e87b8c17751c0c6ca,fpam_clinic_dedza,FPAM Clinic Dedza,dedza,,4087,878,
e9e6959f3e3f4cfeb1b3770fb7e82dbb,home_of_hope_clinic,Home of Hope Clinic,mchinji,,3420,876,
fb0fbbfca6df4cda83a3cdd28de3b1bf,gumba_health_centre,Gumba Health Centre,mchinji,,2707,875,
a2ed8c2e074341a18ddbe2337393466f,diamphwi_health_centre,Diamphwi Health Centre,lilongwe,,1511,873,
62c5ce511748448aa0a93ce3ba73bfdd,lilongwe_private_clinic,Lilongwe Private Clinic,lilongwe,,2959,871,
1a81d1a3aa4f4b338c18f7861d896957,lilongwe_health_clinic,Lilongwe Health Clinic,lilongwe,,4083,870,
b15111747dd84f569de4e4f039fdb54b,kawale_medical_services,Kawale Medical Services,lilongwe,,4018,869,
fa444824c2f84a16b792a54175aaef30,city_centre_clinic_lilongwe,City Centre Clinic (Lilongwe),lilongwe,,4084,868,
14b8a4cedcff46859bf3f7d47708d06c,blessings_hospital,Blessings Hospital,lilongwe,,1566,866,
ae6932bd033646fcabccb53641c3cc0b,dr_david_livingstone_memorial_clinic,Dr David Livingstone Memorial Clinic,lilongwe,,1570,865,
3babad51ffd3423ba8316be7dcf356cc,ssh,SSH,lilongwe,,4090,864,
6062cc8d7f5b4e25a6ab22067cd36bc9,masm_medi_clinic_lilongw,MASM Medi Clinic Lilongw,lilongwe,,2992,863,
32a695988a324e86b4f36485af6ab8a7,limbe_leaf_tobacco_clinic_lilongwe,Limbe Leaf Tobacco Clinic (Lilongwe),lilongwe,,1019,862,
606feac65ffa4421980c7f8413a38334,katchale_health_centre,Katchale Health Centre,lilongwe,,2506,861,
9a0a7bc4188b40d3a97620f7ebc9d5be,lilongwe_city_assembly_chinsapo,Lilongwe City Assembly (Chinsapo),lilongwe,,1581,860,
b92f11d87e3c45bdbe67b9b9c3b9ed2a,discovery_medi_clinic,Discovery Medi Clinic,lilongwe,,1597,859,
b8f421af197546ad983d2e280dd00359,bunda_college,Bunda College,lilongwe,,1556,858,
e756d8a49cd1469cad529700daacbe9f,airwing_clinic_lilongwe,Airwing Clinic (Lilongwe),lilongwe,,1557,857,
daa5165b65b84be6aab7e9b02c232583,carlsberg_/_sobo_clinic_lilongwe,Carlsberg / Sobo Clinic (Lilongwe),lilongwe,,4051,856,
dfa78e6c7d5c4812a438507b8bde7d4a,escom_clinic_lilongwe,ESCOM Clinic Lilongwe,lilongwe,,4052,855,
16e8c03c3f7040769524f6ea1dbd30b9,lingadzi_private_clinic,Lingadzi Private Clinic,lilongwe,,4019,854,
d6497dc9f7fc41f0949334f1889bc55f,daeyang_luke_hospital,Daeyang Luke Hospital,lilongwe,,1568,853,
b37d820eb7784cfdaa16d5e7a8900081,tachira_private_clinic,Tachira Private Clinic,lilongwe,,419,852,
73a680f152a74c16b2cc0534b2e83e65,achikondi_women_community_friendly_services_clinic,Achikondi Women Community Friendly Services Clinic,lilongwe,,1599,851,
09ad90e2dbeb4c2aa13912eb369db435,nkhalango_clinic,Nkhalango Clinic,kasungu,,1013,849,
de83b8ba34054d178a71eb2f8da29b2d,central_health_clinic_area_47,Central Health Clinic (Area 47),lilongwe,,4079,848,
826bf38b75454985a3002aab6e0fafad,jti_leaf_clinic_kanengo,JTI Leaf Clinic (Kanengo),lilongwe,,4081,847,
2ac2f23f2ebf450a992e4317a76aef37,kanengo_tobacco_processors_clinic,Kanengo Tobacco Processors Clinic,lilongwe,,4085,846,
527a95cfcdc048359e03f006f79e0de2,auction_holdings_limited_clinic_kanengo,Auction Holdings Limited Clinic (Kanengo),lilongwe,,4049,845,
98ac2a52647e4b718c7fb3f7abb74030,good_hope_private_clinic,Good Hope Private Clinic,lilongwe,,4080,844,
2c40d4421e7c4725bb28958153b5dd7b,kachere_private_clinic,Kachere Private Clinic,lilongwe,,2535,843,
2f901039f3984af386501c78056f5c98,area_18_medi_clinic,Area 18 Medi Clinic,lilongwe,,4076,842,
634bb9c578f44bf0b9c34b57cc011c53,masm_area_43,MASM Area 43,lilongwe,,1564,841,
f65b231291944fd2b6df3c23c3250771,maziko_private_clinic,Maziko Private Clinic,lilongwe,,1525,840,
73c88a738af9446c9714df04e132e5e3,the_clinic,The Clinic,lilongwe,,4092,839,
b2c780a183cb4565be510ee9ff9a6e1f,bethsaida_private_hospital,Bethsaida Private Hospital,lilongwe,,4060,838,
1d950398ed5b499f931c2b331f8b5fa0,umoyo_private_clinic,Umoyo Private Clinic,lilongwe,,5128,837,
c24edc5c96e143d28bf175813a816e0c,area_36_private_clinic,Area 36 Private Clinic,lilongwe,,4088,836,
9c825ad75dfd48ce81c416f7332d11ed,chioza_health_centre,Chioza Health Centre,lilongwe,,1558,835,
76ab7a5f42c34447a8c8810e6bf7cbc9,fpam_clinic_kawale,FPAM Clinic Kawale,lilongwe,,4043,834,
5e9535759a5e44fe9e2d4ed06842dc48,vibangala_dispensary,Vibangala Dispensary,mzimba,,109,832,
079a6ac36c5745b8a0b7d01d6267f1cf,moyale_barracks_health_centre,Moyale Barracks Health Centre,mzimba,,585,830,
61516e2c897e4104b3d2d650b74b756b,mzuzu_central_prison,Mzuzu Central Prison,mzimba,,566,829,
427e91a6bbfa43cd81cd19642b8dd7ed,kaweche_health_centre,Kaweche Health Centre,mzimba,,2604,826,
897c10808dff4d02a09e4a0d614bbc2f,mzuzu_university_clinic,Mzuzu University Clinic,mzimba,,701,825,
243fb24dc2384adfa9e38a9c8e9c0b3f,dr_msachi's_clinic,Dr Msachi's Clinic,mzimba,,552,824,
b66f34a6a0d542a0a39e658dca81c851,khuyukuyu_health_centre,Khuyukuyu Health Centre,mzimba,,2508,823,
bbc3f8290d954ed9a1a77e1018dba5de,manolo_health_centre,Manolo Health Centre,mzimba,,521,821,
6b0375a5bde442ebb99f53c1eb88b3df,escom_clinic_mzuzu,ESCOM Clinic Mzuzu,mzimba,,556,819,
9798e86bc399431083a862dbf92d3fe4,ng'onga_health_centre,Ng'onga Health Centre,lilongwe,,1537,814,
b63c2182c6394588bbe17efa937f70f7,eva_demaya_centre,Eva Demaya Centre,rumphi,,429,813,
766f9af7434943c0b9b1d9b8e49c30c3,lura_health_centre,Lura Health Centre,rumphi,,709,811,
b0d49bdef5ad40e3893ff01509f5d225,rumphi_banja_la_mtsogolo_dispensary,Rumphi Banja La Mtsogolo Dispensary,rumphi,,425,808,
acfc7f9879174c68980e8f1d3ec373b5,nkhatabay_private_clinic,Nkhatabay Private Clinic,nkhata-bay,,327,807,
6f6458c778d54d69be852f44b8866d84,kavuzi_health_centre,Kavuzi Health Centre,nkhata-bay,,1580,806,
1de74c8d7a4b48b192ee5b586d9239d8,luwazi_health_centre,Luwazi Health Centre,nkhata-bay,,3331,805,
7cfbad55a07b44a4b588b07422146881,karonga_banja_la_mtsongolo_dispensary,Karonga Banja La Mtsongolo Dispensary,karonga,,1833,804,
dfacc9b3a85d454db6c3a888c62a202b,kasoba_health_centre,Kasoba Health Centre,karonga,,1008,803,
c4f270d329fd4fbf912f0dd698c88956,atupele_health_centre,Atupele Health Centre,karonga,,216,802,
b0bbb8e22863450a82a41a51ed2a24f3,kaseye_mission_hospital,Kaseye Mission Hospital,chitipa,,1714,801,
5d379846392b47618a1cb1d7bd6b2173,thumbwe_health_centre,Thumbwe Health Centre,chiradzulu,,719,800,
05212b6c351f41e280f297ff18fbb2f1,kadidi_health_centre,Kadidi Health Centre,blantyre,,1709,799,
89285920772a4f55920e0e3fff18dcb1,maula_prison_health_centre,Maula Prison Health Centre,lilongwe,,2803,794,
49426df4270f4b82bf1d01527a986b75,machinjiri_health_centre,Machinjiri Health Centre,zomba,,2900,783,
4adc19bb27fd4fe5b0a2ff8b63d7ea23,macro_lilongwe,MACRO Lilongwe,lilongwe,,782,718,
7f1aad8686db4644a708a5f38c3c9694,macro_mzuzu,MACRO Mzuzu,mzimba,,520,717,
bda447dc8bf0418591aa4087358b0271,mwaiwathu_private_hospital,Mwaiwathu Private Hospital,blantyre,,2738,709,
d7c11ab66d6a4fa98fa3960072b2b116,macro_blantyre,MACRO Blantyre,blantyre,,1562,704,
64c0f2d6f5c642d2bfcf4c89d45ef84e,partners_in_hope,Partners in Hope,lilongwe,,2928,703,
c2e119a8b0a84b1c8bf48aa957b2500c,lighthouse,Lighthouse,lilongwe,,4082,701,
95e3e965f795473587aa4b37b3db91a1,dalitso_clinic,Dalitso Clinic,lilongwe,,1325,699,
ea0b9289d75e4114955856aba8e84475,kamuzu_central_hospital,Kamuzu Central Hospital,lilongwe,,708,696,
debeaafc347a4153881bc56dc1a57ab0,zomba_central_prison_clinic,Zomba Central Prison Clinic,zomba,,2727,695,
f9689000d57846d4bf109fb994f1892e,zomba_mental_hospital,Zomba Mental Hospital,zomba,,3516,694,
420ac484bffb43dbb55380162903c913,zomba_central_hospital,Zomba Central Hospital,zomba,,2730,689,
ca4303f0b11549568b2b62030d638182,zingwangwa_urban_health_centre,Zingwangwa Urban Health Centre,blantyre,,3123,686,
7cd720d957ee43d38c41b5d9dccb1a1c,wimbe_health_centre,Wimbe Health Centre,kasungu,,1122,685,
43c8878e57e540359c98be6611b7ec53,wiliro_health_centre,Wiliro Health Centre,karonga,,1016,684,
48d29c3ae5204827a81488d7ca135c2a,wenya_health_centre,Wenya Health Centre,chitipa,,214,683,
bebc4ef8fde84c9084e7a74369d4e41f,utale_2_health_centre,Utale 2 Health Centre,balaka,,532,681,
17a72429aec6499db7b09ddedbc7ca5f,utale_1_health_centre,Utale 1 Health Centre,balaka,,3610,680,
77d6810e12a04ca09bcf112c221d8b50,usisya_health_centre,Usisya Health Centre,nkhata-bay,,3609,679,
599caac0517a400387ecf4580900cbe0,ulongwe_health_centre,Ulongwe Health Centre,balaka,,2969,678,
c51d19ddbd7b40d18592c189f73bd2f6,ukwe_health_centre,Ukwe Health Centre,lilongwe,,3608,677,
5e4bfbb11fc446999a67f43398ad2ec5,tulonkhondo_health_centre,Tulonkhondo Health Centre,mwanza,,1542,676,
62b2cc65f6f5473988bd4b7e750225b4,tsangano_health_centre,Tsangano Health Centre,ntcheu,,1724,674,
a4d94d9d6db74e5eae05839e82739118,trinity_-_fatima_hospital,Trinity - Fatima Hospital,nsanje,,1831,673,
060d62a69f3a4197a553edf806064b34,thyolo_district_hospital,Thyolo District Hospital,thyolo,,3435,670,
506e6179ef844ffe91c903fd6edfc98a,thunduwike_health_centre,Thunduwike Health Centre,mzimba,,3145,668,
30b1c2efc755489088d5f2bb05b7a20c,thuchila_health_centre,Thuchila Health Centre,mulanje,,2811,667,
e5f173734e4b4e6ea108a78eb01e5684,thonje_health_centre,Thonje Health Centre,dowa,,3219,666,
05a699cfe22643f8bb8a9e7e7f76accf,thondwe_dispensary,Thondwe Dispensary,zomba,,1320,665,
25d07a60d56048ee8331057322874054,thomasi_health_centre,Thomasi Health Centre,thyolo,,2721,664,
7804e6ba29bb44d2af1eaca6dd0d121a,thembe_dispensary,Thembe Dispensary,mulanje,,3120,663,
7591864621bd4647a5a8495d2e9efbd8,thekerani_rural_hospital,Thekerani Rural Hospital,thyolo,,3218,662,
0daa55af840b47d6baa8fb5e396e4e45,thavite_health_centre,Thavite Health Centre,salima,,3119,661,
1c977f3e443b42109166d17547f51578,thambani_health_centre,Thambani Health Centre,mwanza,,1417,660,
665ce947c2d64f67b365d4d1a8eeefb8,tengani_health_centre,Tengani Health Centre,nsanje,,3804,659,
58f10cb6526b4f368ef1aaf8b87f8a7a,tembwe_health_centre,Tembwe Health Centre,mchinji,,3413,658,
c68af7f0dfbf4fb990c1ea4421bc1268,sukasanje_health_centre,Sukasanje Health Centre,phalombe,,1587,656,
b2e97bdd366047aaab3e1fb8750f7dfb,sucoma_health_centre_illovo,SUCOMA Health Centre (Illovo),chikwawa,,3513,655,
35fa6f84365d436889f1c06d2d183cbc,st_peters_hospital,St Peters Hospital,likoma,,2932,653,
0306d9bd523c46058f0358100e1e5dd0,st_patricks_rumphi_health_centre,St Patricks Rumphi Health Centre,rumphi,,601,651,
4db93dd05d29483b89708af61564d535,st_montfort_hospital,St Montfort Hospital,chikwawa,,418,650,
105cae856c4e44b19e6b31f22d8e7c0f,st_martins_molere_health_centre,St Martins Molere Health Centre,thyolo,,602,649,
1accfaad09a748019b0e4a3c9951dffb,st_martin_hospital,St Martin Hospital,mangochi,,3118,647,
cbfa4de1e3ea44118a0a338e4837033d,st_lukes_hospital,St Lukes Hospital,zomba,,2530,645,
72bd1e4b684f4574a3a4e281d37b50d5,st_josephs_mitengo_health_centre,St Josephs Mitengo Health Centre,thyolo,,2719,644,
01a45167d275457fb80ab134e431c0ec,st_johns_of_god_mental_hospital,St Johns of God Mental Hospital,mzimba,,3117,643,
cbc66ccc69d84cbc82a1c9568e6e2367,st_johns_mzuzu_hospital,St Johns Mzuzu Hospital,mzimba,,725,642,
999a03aed74c4cc2b5800e251b904fef,st_gabriels_hospital,St Gabriels Hospital,lilongwe,,718,641,
76db0941f6ce4751865c9eceaf47e506,st_annes_hospital,St Annes Hospital,karonga,,1541,640,
540b7b2d306c46ada04eb114849c2bd9,st_anne's_mission_hospital,St Anne's Mission Hospital,nkhotakota,,3802,639,
4219a4dd3e15405590ae27c761a8f635,south_lunzu_health_centre,South Lunzu Health Centre,blantyre,,1029,638,
aa81b87ee9b0436994dde1a608706cd7,sorgin_health_centre,Sorgin Health Centre,nsanje,,1551,636,
8f497c3c29c64c79841838237c68f978,soche_dispensary,Soche Dispensary,blantyre,,2591,634,
4ca3a25245754adf89c896b25e3150d5,sister_teleza_health_centre,Sister Teleza Health Centre,ntcheu,,2920,633,
a33a148a388646939c125acf91d745b1,sinyala_health_centre,Sinyala Health Centre,mangochi,,1836,632,
b25cdd0063474654ba2163f4f386457f,salima_district_hospital,Salima District Hospital,salima,,3143,622,
a7e7b0436a4c49cf8e9afb0790f8e733,sharpe_valley_maternity,Sharpe Valley Maternity,ntcheu,,1015,630,
4ca856e2b66c4ec28e0c1058f8b898eb,senzani_health_centre,Senzani Health Centre,ntcheu,,1830,629,
86d4d12ce9064f7ba22632ebcc2d5f04,senga_bay_baptist_dispensary,Senga Bay Baptist Dispensary,salima,,1829,628,
a91ecfb3636e4fb4b444caab5d16252d,santhe_health_centre,Santhe Health Centre,kasungu,,3144,627,
7c3475d5608346aa9a788729d53cfe8d,sankhulani_health_centre,Sankhulani Health Centre,nsanje,,1014,626,
779200ece5444124adb5c6a041592793,sangilo_health_centre,Sangilo Health Centre,karonga,,2977,625,
5132a7ccc96f4578a9a256dcbf93a87c,rumphi_district_hospital,Rumphi District Hospital,rumphi,,3241,618,
3f4fe7879f734bfbbced16f1216b0845,raiply_dispensary_clinic,Raiply Dispensary Clinic,mzimba,,317,615,
cdbf59098a754bd0824ade249448a1c0,queen_elizabeth_central_hospital,Queen Elizabeth Central Hospital,blantyre,,531,614,
968bba644e4b488cac4f4252797e4b68,police_college_hospital_zomba,Police College Hospital (Zomba),zomba,,2990,613,
68f4d62ae4a7491585325cd8636a111e,police_college_dispensary,Police College Dispensary,dedza,,2728,612,
e6c50c62579b4de3b4ddf81b7e0a015f,police_area_30_dispensary,Police (Area 30) Dispensary,lilongwe,,1419,611,
394c83a9532b454e805b12ee3f4c8c39,pirimiti_health_centre,Pirimiti Health Centre,zomba,,1544,610,
eff4709cdc3044719b67070705741cc5,pim_health_centre,PIM Health Centre,chiradzulu,,2718,609,
e67a854340644435ba1154a2ee9ab382,phirilongwe_health_centre,Phirilongwe Health Centre,mangochi,,3417,607,
b8ca3136d2864435b60e28b596de4a4f,phimbi_health_centre,Phimbi Health Centre,balaka,,2529,606,
1620a99a6a574bf3a2cd133abae9efe5,phalula_health_centre,Phalula Health Centre,balaka,,3607,605,
4d639a093a7e4cda87f62cd33d05049c,phalombe_mission_hospital,Phalombe Mission Hospital,phalombe,,3606,604,
706d6406980a4c7c976066c9059bb110,phalombe_health_district,Phalombe Health District,phalombe,,3504,603,
d75e92a8a7d746e7b314b7e7ded65dc5,old_maula_court_health_centre,Old Maula Court Health Centre,blantyre,,1425,599,
0bf9305a8e55412e9c3a7b6ec14231cd,ofesi_dispensary,Ofesi Dispensary,kasungu,,316,598,
619f5fdb78cd4f308c7c7da189431264,nzama_health_centre,Nzama Health Centre,ntcheu,,1022,597,
214c0c3f98834866a662a1e9a49a828a,nyungwe_health_centre,Nyungwe Health Centre,karonga,,1828,596,
7a3d5247f97346c59bc3f5ff78766c07,nyamithuthu_health_centre,Nyamithuthu Health Centre,nsanje,,211,595,
2a160d6d0fa544b8b7db1b6d366d5924,nyambi_health_centre,Nyambi Health Centre,machinga,,3410,594,
5c41211bd16b48cdad4e5af1880095db,nthungwa_health_centre,Nthungwa Health Centre,nkhata-bay,,1594,593,
3055d478e78645568a1eca3e8d13dd94,nthondo_health_centre_ntchisi,Nthondo Health Centre (Ntchisi),ntchisi,,320,592,
5e036a5bb5204433bff9bac8ec6e32e8,nangalamu_health_centre,Nangalamu Health Centre,mangochi,,2526,521,
0f9cb6cabc364d7f84afcae01b365e06,nancholi_dispensary,Nancholi Dispensary,mangochi,,5127,520,
7caded65fc964fd5b78d7f95f818aa78,namwera_health_centre,Namwera Health Centre,mangochi,,2524,519,
ea957a2c87454e7589de66e017016695,namulenga_health_centre,Namulenga Health Centre,mulanje,,2523,518,
e41842ca867346d1a2cf5a28c7e5b022,namphungo_health_centre,Namphungo Health Centre,mulanje,,3217,517,
f5da0bc4b46a48cbb7918fbed5186b9a,namitambo_health_centre,Namitambo Health Centre,chiradzulu,,1615,515,
fd6a0ebcbfe84aeba2660705b9a73cc8,namikoko_health_centre,Namikoko Health Centre,blantyre,,2806,513,
8bfce078b0b74797a55b9e1c65d3f1b3,namikango_health_centre,Namikango Health Centre,zomba,,2917,512,
f9fc51f6d8bb4ee6b8de9989e07d8d9d,nambuma_health_centre,Nambuma Health Centre,lilongwe,,3615,511,
a6b2468be92c4344a3d1312ea8928363,nambazo_health_centre,Nambazo Health Centre,phalombe,,1533,510,
974bd4afe6fe428fa419057dc0d34b9b,namasalima_health_centre_zomba,Namasalima Health Centre (Zomba),zomba,,3510,509,
68fc45551caf4dcb8bb9b5f91dd657ed,namasalima_health_centre_mulanje,Namasalima Health Centre (Mulanje),mulanje,,2714,508,
b550c0f9f4ce4f08bb45891131b995a8,namanolo_health_centre,Namanolo Health Centre,balaka,,3215,507,
9d4e674f045647a0b791c8dcb692ebaa,namanja_health_centre,Namanja Health Centre,machinga,,3611,506,
279f263d998c4388a877dc147f12fb0f,namalaka_health_centre,Namalaka Health Centre,mangochi,,2610,504,
5a69f377b508428980ccf622e4900334,namadzi_health_centre,Namadzi Health Centre,chiradzulu,,2522,503,
b5073e238a3a4c4fb71f9edf9af8629d,nalunga_mafika_health_centre,Nalunga Mafika Health Centre,dowa,,2736,502,
7f704fbaa5ff4422a060f85fb574180e,nakalanzi_health_centre,Nakalanzi Health Centre,dedza,,1733,501,
f42d1a4fff304a7084499f13e4578d40,mzuzu_urban_health_centre,Mzuzu Urban Health Centre,mzimba,,2732,500,
9b3c08dd7e3242ea91eb7022d56b4f03,mzuzu_central_hospital,Mzuzu Central Hospital,mzimba,,789,499,
20baf811b64f47139d0b8ae6bcdbaa9c,foo_bar,FOO BAR,kasungu,,99999,99999,
2d52c866aa6345fc98aad7a3cfd601b0,john_test_health_centre,John Test Health Centre,lilongwe,,9999,9999,
eb1e9c1396d1432bb30c8b5d76eb1c6b,mzokoto_health_centre,Mzokoto Health Centre,rumphi,,738,498,
b5e2951f096b4873bb8ce7b816f2e724,mzimba_district_hospital,Mzimba District Hospital,mzimba,,415,495,
949c24898f3645e1bd04b99b76502506,luffy_dono_hospital,Luffy Dono Hospital (Training),lilongwe,,99991,99991,
cf7eccdd199f407aa222bb26f3b187ee,robomano_glitch,robomano_glitch(Training),lilongwe,,9999,9999,
7db37697dfaf4127a6930f7c62bb64f0,emmanuel_nyondo_health_centre,Emmanuel Nyondo Health Centre (Training),lilongwe,,9999,9999,
7c1e9c0e6e2442909a846fab3477d0a5,glory_clinic,Glory Clinic (Training),lilongwe,,9999,9999,
0df2f3ec88eb422390bde630226d4473,test_health_facility,Test health facility (Training),lilongwe,,6666,6666,
238f21eb4747402bb386de6a7ea35af8,john_wick_health_facility,John Wick Health Facility (Training),lilongwe,,9999,9999,
bb9714fe7acd4246a96ae022cac33bc2,angelina_jolie_hf_training,Angelina Jolie HF (Training),lilongwe,,1234,1234,
50cb2dace7394940bb5e0e323bec473b,adventist_hospital_blantyre,Adventist Hospital (Blantyre),blantyre,,2930,706,
58d8af64a95a43c5b34dab63ad9a7246,area_18_urban_health_centre,Area 18 Urban Health Centre,lilongwe,,1501,8,
de0f8672ba034bc68998ea76b997aafd,kazinga_clinic,Kazinga Clinic,blantyre,,2652,2651,
b89353571dc4480eb0351453ff898c87,hello_world,Hello Worrld (Training),lilongwe,,7889,6880,
5477f4860f5f4a5480068b8b6a005b3a,lissa_hc,Lissa HC (training),lilongwe,,4447,4447,
d1193b03f8a14d869ccfc55cad1ebdc1,hannah_clinic,Hannah Clinic (Training),lilongwe,,3333,,
fef468b6a0b642dd9942ba6e3425a3e4,billz_clinic,Billz_Clinic(Training,lilongwe,,4552,4564,
a5b9d52e01434dd9977a37cb1af5885e,john_clinic,John Chawinga(Training),lilongwe,,3443,3443,
e55c1e3ff7244cc3908adefd1f574549,bintel_clinic,Bintel Clinic (Training),lilongwe,,3443,3334,
9b8e2122b9bc41e8b461065a58fa8d98,kayange_clinic,Kayange clinic (training),lilongwe,,7873,9094,
317fb9d1bc2f443880d55d58717c2014,mzenga_health_centre,Mzenga Health Centre,nkhata-bay,,501,493,
149523e24fc2490786a598a660200a6d,mzandu_health_centre,Mzandu Health Centre,ntchisi,,314,492,
d347111f2cdd4f35b8952798d37eefd3,mzambazi_rural_hospital,Mzambazi Rural Hospital,mzimba,,1209,491,
b92f97a7fdd0469999ad56a6de565d18,mzalangwe_health_centre,Mzalangwe Health Centre,mzimba,,528,490,
5c5347fd28b04cdda52e7b23ad349c07,mwazisi_health_centre,Mwazisi Health Centre,rumphi,,527,489,
c4669f7c7cf843e699565cd9b4d416c7,mwanza_district_hospital,Mwanza District Hospital,mwanza,,414,486,
a6d776d6cdd741e387ab6a7493cb3649,mwansambo_health_centre,Mwansambo Health Centre,nkhotakota,,3801,484,
8e160962ef9e435d804e23f656c386e2,mwangala_health_centre,Mwangala Health Centre,dowa,,1109,483,
7d24e67117a841f7a24c1324963ec434,mwanga_health_centre,Mwanga Health Centre,phalombe,,1318,482,
c9d2bf08e4ca42529a3dafd57c35e980,mbera_clinic,Mbera Clinic,lilongwe,,8765,1223,
57d56fa835bf4dd7aebd7a098d1a9ac0,rudolf_pvt_clinic,rudolf pvt clinic (Training),lilongwe,,3489,3390,
3458ea445b514439a190ffe8267a5fdd,mvera_mission_hospital,Mvera Mission Hospital,dowa,,2971,481,
b9078b146d2a408eb94b2fd654523b63,mvera_army_camp_dispensary,Mvera Army Camp Dispensary,dowa,,1317,480,
fa3c6d93d98447319bae7fd9d5b19ef5,muloza_health_centre,Muloza Health Centre,mulanje,,1824,477,
1454de90ab564a619203f45a5ac980f2,mulomba_health_centre,Mulomba Health Centre,mulanje,,3214,476,
d824dbfb69f54b00b52a822a21143421,mulibwanji_health_centre_mangochi,Mulibwanji Health Centre (Mangochi),mangochi,,2550,475,
bf0b173b308845669301243479fb2598,joh_doe_health_centre,John Doe Health Centre (Training),lilongwe,,3213,3213,
ef0526931ad54f6fab21b28aeee766ac,mulanje_mission_hospital,Mulanje Mission Hospital,mulanje,,3213,474,
0096257691a94f7ea7105b8dc3494c84,mulanje_district_hospital,Mulanje District Hospital,mulanje,,3212,471,
40baf5aeefcc4cb5b877c0998cc1ddf1,mua_mission_hospital,Mua Mission Hospital,dedza,,3211,469,
8c9b5b23f7a049f6b60b3997dbaf69a1,mtwalo_health_centre,Mtwalo Health Centre,mzimba,,1731,468,
75df2b440c654cd3a9ff3cf031f7ddff,mtunthama_health_centre,Mtunthama Health Centre,kasungu,,714,467,
0890ba1f2a394f08aa884711d25ff574,mtosa_health_centre,Mtosa Health Centre,nkhotakota,,1011,466,
cc949264953b4fa4afc37a49e362f41f,mtonda_health_centre,Mtonda Health Centre,ntcheu,,1108,465,
96dd4bd5005c4b47bf0d602c29275b9b,mtimabii_health_centre,Mtimabii Health Centre,mangochi,,1823,464,
27f98e1b493b432e96cec2ecbc9af185,mtenthera_health_centre,Mtenthera Health Centre,lilongwe,,2537,463,
b9f25fa358ba492c98a842307574019e,mtengowanthenga_hospital,Mtengowanthenga Hospital,dowa,,1532,462,
af45ed492c914ba9b4e7080013b81b81,mtende_health_centre,Mtende Health Centre,mzimba,,1723,460,
9029c94431524db8ba39ec17209b7e5f,mtakataka_health_centre,Mtakataka Health Centre,dedza,,526,459,
03edc3c95e894470ac87defdd2319100,msese_health_centre,Msese Health Centre,mzimba,,1727,458,
1f4869477de7439caf0eae88bcd12ca6,msenjere_health_centre,Msenjere Health Centre,nkhotakota,,525,457,
19b47a0eb20f4006913132249869be9f,msakambewa_health_centre,Msakambewa Health Centre,dowa,,1117,456,
ceed34cb324c457fa992848dc12581e8,mposa_health_centre,Mposa Health Centre,machinga,,1314,455,
35782eaddfb64ce7b53275d71f1087f4,mponela_rural_hospital,Mponela Rural Hospital,dowa,,2609,454,
836470ea8a87496c8e9baa1fd679d1cb,mpondas_health_centre,Mpondas Health Centre,mangochi,,1313,453,
b5784c91f57a449fb0a42d52ed7b7013,mpiri_health_centre,Mpiri Health Centre,machinga,,2521,452,
087b9477174b4bc1aa9ce25188a3c472,mphunzi_health_centre,Mphunzi Health Centre,dedza,,2996,451,
b21933c694cf442ba591b670914cc844,mphopha_health_centre,Mphopha Health Centre,dedza,,1722,450,
583a6d8083c84f0792133c69535d78b9,mpherere_health_centre,Mpherere Health Centre,rumphi,,413,449,
758152b978244e3ab852b12eb55f3875,mpherembe_health_centre,Mpherembe Health Centre,mzimba,,1208,448,
88072e11bad743a988832530831593b0,mphepozinai_dispensary,Mphepozinai Dispensary,ntcheu,,713,447,
5309ad17d04248cd8fec44c0be4cc0fb,mpemba_health_centre,Mpemba Health Centre,blantyre,,1721,445,
2f1c636ecb1a43f4a63c35777ddeea55,mpata_health_centre,Mpata Health Centre,karonga,,2916,444,
a41de14959bf4c8185a1e36d70a1a0f3,mpasa_health_centre,Mpasa Health Centre,phalombe,,209,443,
b29958dbe8f341bba3454c35a17c720b,mpamba_health_centre,Mpamba Health Centre,nkhata-bay,,3508,442,
502371b4283f43b880be2f4dd9576143,mpamantha_health_centre,Mpamantha Health Centre,nkhotakota,,313,441,
6fee1c364553425687f9f98dc038d8b4,mpala_health_centre,Mpala Health Centre,mulanje,,1107,440,
3fed56e4495d44a4909f4b31554a3f3a,monkey-bay_health_centre,Monkey-Bay Health Centre,mangochi,,3210,439,
6dd832629d11466a9b8a0f7ccf2d9657,mlowe_health_centre,Mlowe Health Centre,rumphi,,2731,438,
e9916d77008343819b3c856d63bb29e7,mlomba_dispensary,Mlomba Dispensary,machinga,,2619,437,
5125322fa6f34e40a40f1a701731d132,mlangeni_health_centre,Mlangeni Health Centre,ntcheu,,1821,433,
7bf5374b12c2491f8f2d2eff7deb535b,mlanda_health_centre,Mlanda Health Centre,ntcheu,,1820,431,
35f2b390202f4584bea67d7820e4bccd,mlambe_hospital,Mlambe Hospital,blantyre,,1819,430,
c61ca935615d4d85a50c3e41cfdb883b,mlale_mission_hospital,Mlale Mission Hospital,lilongwe,,2915,429,
477cb95f5d0848e79433748b33fcced3,mkwepere_health_centre,Mkwepere Health Centre,machinga,,1531,428,
9d7954f2f1124b63b9a3c56dd1386f98,mkumba_health_centre,Mkumba Health Centre,mangochi,,2618,427,
8cad44d7923e4e71954bbfa6ebf2ced3,mkumaniza_health_centre,Mkumaniza Health Centre,chikwawa,,2519,426,
6e2cc1e3dd70408c97d2f2d651e20f0a,mkoma_health_centre,Mkoma Health Centre,mzimba,,3223,425,
d5c786fd7b684669be58990ee354df3d,mkhwayi_health_centre,Mkhwayi Health Centre,phalombe,,524,424,
b1f3a4d4c4aa473aa01dc3f04dcfbc29,mkhuzi_health_centre,Mkhuzi Health Centre,ntchisi,,3507,423,
5dc496ee7a6c4637b517a4ec177048a3,mkhota_rural_growth_health_centre,Mkhota Rural Growth Health Centre,kasungu,,1207,422,
8c50f8776df84483abdfcba7a95cab37,mkanda_health_centre,Mkanda Health Centre,mchinji,,1010,420,
22c57ebd00c54aa5b2e5026a3ef60d64,mitundu_rural_hospital,Mitundu Rural Hospital,lilongwe,,1611,419,
37b479f279e946809b7a3dd905099921,misuku_health_centre,Misuku Health Centre,chitipa,,1530,417,
b110dd8cf31f40e795b902180cbab5e3,misomali_health_centre,Misomali Health Centre,chikwawa,,107,416,
14987e08a5ec4e928fbf089dde2ab23a,ming'ongo_health_centre,Ming'ongo Health Centre,lilongwe,,3418,414,
95e9a1620a0e47129d53dc34434caae9,mimosa_dispensary,Mimosa Dispensary,mulanje,,1529,413,
e51c1e9864594248adaf966a93c02e93,milonde_health_centre,Milonde Health Centre,mulanje,,3209,412,
5ab753f4da0e460dbd87205d4f140b9b,milepa_health_centre,Milepa Health Centre,chiradzulu,,3208,411,
85652b41a0d042d8bd26c2e89e473a07,mikundi_health_centre,Mikundi Health Centre,mchinji,,2804,410,
33f6a4abde4144939799182200494703,mikondo_dispensary,Mikondo Dispensary,dedza,,1610,409,
2b57b203118745a19f8aa31debeb8412,mikolongwe_health_centre,Mikolongwe Health Centre,thyolo,,1719,408,
9632b6fe1b9a481fbf3a964be2eb3fe3,migowi_health_centre,Migowi Health Centre,phalombe,,3114,407,
80629784f3104bccb334b19d29533e62,mhuju_rural_hospital,Mhuju Rural Hospital,rumphi,,3141,406,
e25b61235e3c4f7a9d1315349902c0a1,mhalaunda_health_centre,Mhalaunda Health Centre,mzimba,,411,405,
5ff8f282d52c4e358e745152adc922c3,mfera_health_centre,Mfera Health Centre,chikwawa,,1730,404,
38051cd5b46b45d6a6b42ff044f888f0,mdeka_health_centre,Mdeka Health Centre,blantyre,,2967,403,
721c50c8ac1c4fe5af4a4f6afda8e491,mchoka_health_centre,Mchoka Health Centre,salima,,2913,402,
8d55dfc69db042fb9798686fe1c550f0,mchinji_district_hospital,Mchinji District Hospital,mchinji,,1410,399,
0f54d3a2ea394a318306560331a34c30,mbwatalika_health_centre,Mbwatalika Health Centre,lilongwe,,1554,396,
afeba31edb0748098fb75e734db2646a,mbulumbudzi_health_centre,Mbulumbudzi Health Centre,chiradzulu,,1528,394,
5279a37450ed42aca704edabfdf86f7d,mbonechera_health_centre,Mbonechera Health Centre,machinga,,2814,393,
20314df1adfa4fe3a16b3dfab134a2b8,mbiza_health_centre,Mbiza Health Centre,mulanje,,2607,392,
69b09e27d57d4b4a96788bf498833217,mbingwa_health_centre,Mbingwa Health Centre,dowa,,3207,391,
6581d0a3b18940deaa5c053ad8fb7a3a,mbera_health_centre,Mbera Health Centre,balaka,,1312,390,
09ac3974a0d343d6b00681b5cde9964d,mbenje_health_centre,Mbenje Health Centre,nsanje,,3605,389,
25a35f3983ae4c74b69a5187d339a436,mbang'ombe_2_health_centre,Mbang'ombe 2 Health Centre,lilongwe,,2921,388,
f317965817d14038ad514d9b6aec3af3,mbang'ombe_1_health_centre,Mbang'ombe 1 Health Centre,lilongwe,,1527,387,
809696fc95ee4afda8ae68b0f162a28d,mbalachanda_health_centre,Mbalachanda Health Centre,mzimba,,1526,385,
e582cc01237b4150ac246d8f7622c565,mbabvi_health_centre,Mbabvi Health Centre,lilongwe,,522,384,
73cf8559a05c43629c3271d0c5bbdff1,mayani_health_centre,Mayani Health Centre,dedza,,4086,383,
27625be1072747b29a48455fb5638d73,mayaka_health_centre,Mayaka Health Centre,zomba,,1718,382,
2101c7b2cab741d0b7a59edf043cd8cd,mauwa_health_centre,Mauwa Health Centre,chiradzulu,,2713,380,
eec4a9a2ec8b4300a782c45a80e64b33,matumba_health_centre,Matumba Health Centre,dedza,,1560,379,
eadc986965ea4a9d912f4be6d352711f,matuli_health_centre,Matuli Health Centre,mzimba,,1717,378,
20b83f1458554692badc4588fc1c9a77,matiya_health_centre,Matiya Health Centre,zomba,,3707,376,
e6e5540c2aac47cfb988ef3d7475fb4c,matiki_health_centre,Matiki Health Centre,nkhotakota,,2712,375,
ada3f54cc1664314abb5e235ccf1e66c,matawale_urban_health_centre,Matawale Urban Health Centre,zomba,,1118,374,
6f925da647674503bb72a19179176cd9,matapila_health_centre,Matapila Health Centre,lilongwe,,2724,373,
b5b988593568462f934d3de383ddbe78,matanda_health_centre_dispensary,Matanda Health Centre (Dispensary),ntcheu,,3706,371,
048e462e9900495c8b902f72a066e71c,masenjere_health_centre,Masenjere Health Centre,nsanje,,1585,370,
c4a5a39c369646ada53bd98e8715cad4,mase_health_centre,Mase Health Centre,mangochi,,3405,369,
e217e60fd4a2474aad712bbf80363598,masasa_health_centre,Masasa Health Centre,ntcheu,,2518,368,
068299b4779b448faf6eea1ef95c9e14,mapelera_health_centre,Mapelera Health Centre,chikwawa,,1503,367,
2f2783b2da7a420386842c660ddd9a70,mapanga_maternity,Mapanga Maternity,thyolo,,3311,366,
8ffdf5f0dd6c46d6a1cc6e91b7b32f95,manyamula_health_centre,Manyamula Health Centre,mzimba,,3125,364,
e2ed81e1b30a41ff9adee0f5fc84cb88,manjawira_maternity,Manjawira Maternity,ntcheu,,724,363,
6d3ed6e56aae4646befa92f1ec95fe58,mangunda_maternity,Mangunda Maternity,thyolo,,1817,362,
b3c6e891696f4dfe89e15227186c9114,mangochi_district_hospital,Mangochi District Hospital,mangochi,,3326,359,
9f75cd566491489f850b4393a67495ff,maluwa_health_centre,Maluwa Health Centre,lilongwe,,2543,356,
10f49c02dafe4463aff1057cf8cad3a9,malomo_health_centre,Malomo Health Centre,ntchisi,,2542,355,
24610504728c4076ba90bd9178cd422d,malombe_health_centre,Malombe Health Centre,mangochi,,1206,354,
a6ae42e974f94c0493d5c629e9b59723,malingunde_health_centre,Malingunde Health Centre,lilongwe,,3005,352,
2a473dea6d1b4b93bb2d0c1553403fdf,malidadi_health_centre,Malidadi Health Centre,mzimba,,1522,351,
bd2b34cfce0b48e3b42c4f6c7b681c8d,malembo_health_centre_lilongwe,Malembo Health Centre (Lilongwe),lilongwe,,1550,350,
d1415fe782b5488e8d3339e8ddb8de8c,malamulo_hospital,Malamulo Hospital,thyolo,,2569,346,
d9d8c27050cd43a2a5a5d7f8dadfa521,namadidi_health_centre_zomba,Namadidi Health Centre (Zomba),zomba,,2805,1000,
de0b7224e49143468a4bd7fcf582c35f,mmambo_health_centre_zomba,Mmambo Health Centre (Zomba),zomba,,1030,999,
fca134240e254f9ca31c68cfcd11f039,masm_medi_clinic_zomba,MASM Medi Clinic Zomba,zomba,,1818,998,
22ddb066b6d74cb89f7cd8971b69e222,zilindo_health_centre_zomba,Zilindo Health Centre (Zomba),zomba,,2922,997,
6054e654167e4604b7bb2e378e208809,mwandama_health_centre_zomba,Mwandama Health Centre (Zomba),zomba,,3509,996,
7b440c5588db426390c704910524414c,sadzi_health_centre,Sadzi Health Centre,zomba,,1415,995,
9b855932c933435c858e592c9f26c15e,naisi_health_centre,Naisi Health Centre,zomba,,1732,994,
6863ac7448e14e1e808267cee428b3ef,zomba_banja_la_mtsogolo_dispensary,Zomba Banja La Mtsogolo Dispensary,zomba,,2722,993,
cb0df4d5e7064b93a83f805082c435ae,maera_health_centre_zomba,Maera Health Centre (Zomba),zomba,,1420,990,
541f4d649f414454a929b9e28aa466ae,city_clinic_zomba,City Clinic (Zomba),zomba,,2723,989,
cd1a943e6de44f17b8683a315402c065,chinamwali_private_clinic_zomba,Chinamwali Private Clinic (Zomba),zomba,,2742,987,
5ac1b203a97e4c3897d7037284fa40ef,changalume_barracks_clinic,Changalume Barracks Clinic,zomba,,2740,986,
026e2395566042eb89ce5aa3a385af19,chancellor_college_clinic,Chancellor College Clinic,zomba,,2760,985,
8be633beebe94fd7ae05957444ba5159,ahi_private_clinic_zomba,AHI Private Clinic (Zomba),zomba,,2753,984,
3f6d11ef263c4173920ae4e309f39350,mkomaola_health_centre,Mkomaola Health Centre,mulanje,,3313,983,
42e41916907345cd8fadfd9ce5f3d2d9,minimini_dispensary_mulanje,Minimini Dispensary (Mulanje),mulanje,,3242,982,
58ff996934494b30917e5c07982b8417,makwapala_health_centre,Makwapala Health Centre,zomba,,3150,345,
ad22154f43d547d3a6b2f8aa95c4d3fa,makiyoni_health_centre,Makiyoni Health Centre,salima,,3101,344,
e1d1477fecc44ee4bf5a778485ff3416,makhwira_health_centre,Makhwira Health Centre,chikwawa,,1409,343,
6783e1be568d45c99c49e446d4befdda,makhanga_health_centre,Makhanga Health Centre,nsanje,,3806,342,
b7c97701af624edcbdfb5ff7ddb6b2f7,makata_dispensary,Makata Dispensary,blantyre,,3404,341,
b6464b053f1546bbabe676e43bcb069c,makapwa_health_centre,Makapwa Health Centre,thyolo,,2912,340,
5e74d90714a2477c9aa9af56ad909213,makanjira_health_centre,Makanjira Health Centre,mangochi,,3110,339,
a0949e9076fd4b1f9581e70d62faa601,magomero_health_centre,Magomero Health Centre,zomba,,3330,338,
734c2375e2ea4922894aa202cc2face3,maganga_health_centre,Maganga Health Centre,salima,,3705,336,
0e38896018fc4b08b9fc73e2418680d4,mafco_health_centre,Mafco Health Centre,salima,,1408,335,
2b4ff0e5f8804654a8e48106a2bd715d,madziabango_health_centre,Madziabango Health Centre,blantyre,,2739,334,
70a9ab000c024264bd72de2a89c91fef,madisi_hospital,Madisi Hospital,dowa,,1326,333,
456eda381a334f72b3f1c0e71e82eb7d,madede_health_centre,Madede Health Centre,mzimba,,1311,332,
864e78d7a26e4bd584458c8136f11eee,machinga_health_centre,Machinga Health Centre,machinga,,2733,330,
67c73e43df824144bc3a9d62cef2ed01,machinga_district_hospital,Machinga District Hospital,machinga,,2606,328,
a35bb59c31a14e21a7e9bb2dc5db3a3d,mabili_health_centre,Mabili Health Centre,mzimba,,2605,326,
32bf1625565c46f2a63e8608da865a3b,lwezga_health_centre,Lwezga Health Centre,karonga,,519,325,
d581dd981ef541ba85eb06b6fe8900df,luzi_health_centre,Luzi Health Centre,mzimba,,312,323,
12137d6d76894664a761a2121b8cf716,luwuchi_health_centre,Luwuchi Health Centre,mzimba,,710,322,
5802b7a09fa94a80bf688270ace4902d,luwerezi_health_centre,Luwerezi Health Centre,mzimba,,409,321,
72eb73cd08d84dc6bdc06d8ce5329098,luwawa_health_centre,Luwawa Health Centre,mzimba,,518,320,
67aa12606f30419bb984757b779c79d9,luwalika_health_centre,Luwalika Health Centre,mangochi,,3704,318,
d42c8e3d238d4052a4b885b44ff2c4b7,luvwere_health_centre,Luvwere Health Centre,mzimba,,2513,317,
f87b2dd2bd41481a9fa71738aeae3732,lupembe_health_centre,Lupembe Health Centre,karonga,,423,316,
6654441bf39f4fb5954b745d1377c3ad,lunjika_health_centre,Lunjika Health Centre,mzimba,,2962,315,
4cd8f4c170344ad082dec585755d6473,lungwena_health_centre,Lungwena Health Centre,mangochi,,516,314,
9fb1f291263a4d44818ad2741db19b32,lundu_health_centre,Lundu Health Centre,blantyre,,2512,313,
59506400431c433886bfff692e3bb5fd,lumbadzi_health_centre,Lumbadzi Health Centre,lilongwe,,2914,312,
d16fce01fa0f409e9b974227a2c07a52,lulwe_health_centre,Lulwe Health Centre,nsanje,,1521,311,
5efdafd5be2548ea9c75f055994dc05f,lulanga_health_centre,Lulanga Health Centre,mangochi,,3403,310,
bff505d7b9854209b81d5af8c192256a,lujeri_health_centre,Lujeri Health Centre,mulanje,,2511,309,
6e2c0d76185e4acab837e4bf4272657d,lugola_health_centre,Lugola Health Centre,mangochi,,3220,308,
664d42d6c077472f858a00b97e7ae7ab,ludzi_st_josephs_health_centre,Ludzi St Josephs Health Centre,mchinji,,2510,307,
60eb0501026e465ba55a9cad69749abc,lobi_rural_health_centre,Lobi Rural Health Centre,dedza,,1051,306,
dcafdbe4900a43d6a3c42291cb2a440c,lizulu_health_centre,Lizulu Health Centre,ntcheu,,1715,305,
9f949e93810240958ea612b721088349,liwaladzi_health_centre,Liwaladzi Health Centre,nkhotakota,,2622,304,
2682dca13b194702aedf2d66974e8244,liuzi_health_centre,Liuzi Health Centre,nkhata-bay,,1106,303,
6f9b980926594119bb1a3b40f3eb06ec,lirangwe_health_centre,Lirangwe Health Centre,blantyre,,3703,301,
69a5e74ece78437fb7ec594c2e78022c,linyangwa_health_centre,Linyangwa Health Centre,kasungu,,2909,300,
29edd89ba51847f4aabfa22e4d277b99,limbe_health_centre,Limbe Health Centre,blantyre,,1584,299,
2e6a4a34e6da4bd9844881a07bbbf260,likuni_hospital,Likuni Hospital,lilongwe,,1583,293,
c93729f2e87b4fe4a2ccb3d80431584c,likangala_health_centre,Likangala Health Centre,zomba,,1519,289,
685c3ee280a448119a4742c367f04c96,lifuwu_health_centre,Lifuwu Health Centre,salima,,3702,288,
9bc32c4aac624fa5a84aa1f23f497232,lambulira_health_centre,Lambulira Health Centre,zomba,,3309,285,
c13a954fe78041f69a8f135837b9d449,lakeview_health_centre,Lakeview Health Centre,ntcheu,,728,284,
e30b49ba3e4e46b6a126a3b6121ca540,kwitanda_health_centre,Kwitanda Health Centre,balaka,,1835,283,
1f2f6605cd3e4909bd8add3a5b809bbe,kunenekude_health_centre,Kunenekude Health Centre,mwanza,,3613,282,
75fbe097903347aaa3ee5b1bf67b78fc,kukalanga_dispensary,Kukalanga Dispensary,mangochi,,3002,281,
4b7b3c95f39042f68f094f4a2aa4c912,kochilira_rural_hospital,Kochilira Rural Hospital,mchinji,,2509,279,
3261876b516c4e79b4d5e0606d92bae0,koche_health_centre,Koche Health Centre,mangochi,,1607,278,
46b9c8d0c9814108ada49f9514c13ed7,khuwi_health_centre,Khuwi Health Centre,ntchisi,,717,277,
c157a194dac441d8afd8a45dfbff0627,khosolo_health_centre,Khosolo Health Centre,mzimba,,1205,276,
a397ccb7b9f94aa7a9446dae436a6c73,khonjeni_health_centre,Khonjeni Health Centre,thyolo,,603,275,
dec7eda53df84ae280d0c82e6d14c00d,khongoni_health_centre,Khongoni Health Centre,lilongwe,,3109,274,
2f14687948944df7bff8145be1acf317,khondowe_health_centre,Khondowe Health Centre,nkhata-bay,,1518,273,
e21c298053ff46df88dfbc0855a5dc73,khombedza_health_centre,Khombedza Health Centre,salima,,310,272,
f86c890ed0d745d3b27c29ed27277f94,khola_health_centre,Khola Health Centre,kasungu,,1406,271,
ecc1bd14ea8949c28531b33a8a78ca22,kayembe_health_centre,Kayembe Health Centre,dowa,,1027,268,
5ebefdcea3334a52886d3b94d3fe686c,kawinga_health_centre_machinga,Kawinga Health Centre (Machinga),machinga,,1310,267,
00e4bb2fda694098a9027f688e25dad4,kawamba_health_centre,Kawamba Health Centre,kasungu,,723,266,
b69c47c571b542118c9571418895cfd7,kawale_urban_health_centre,Kawale Urban Health Centre,lilongwe,,1009,265,
262dd09636b449dfbf1bb353fae7abe6,kaundu_health_centre,Kaundu Health Centre,dedza,,322,263,
6a28dc632d8845a7a2b95dcf0d12ad04,katuli_health_centre,Katuli Health Centre,mangochi,,1726,262,
d4035b1cb1a74cf29c5beecb9bb28922,katsekera_health_centre,Katsekera Health Centre,ntcheu,,2507,261,
6b58b8eba90447cbb2e02ae4b3fd4d30,katowo_rural_hospital,Katowo Rural Hospital,rumphi,,1815,260,
1327ccb8186f401189c983e1638053fa,katimbila_health_centre,Katimbila Health Centre,nkhotakota,,408,259,
c35ab2351c124e358521cfca478abba6,katete_rural_hospital,Katete Rural Hospital,mzimba,,1114,258,
00a2d5a078674ef19ab11488a2f68972,katema_health_centre,Katema Health Centre,mangochi,,514,257,
2ba3b1b431504c8f914c2eb291f5cb1e,kasungu_district_hospital,Kasungu District Hospital,kasungu,,1424,254,
a500d6e9014245fe81805a15ee1dcce5,kasitu_dispensary,Kasitu Dispensary,nkhotakota,,217,250,
8287c4fa72464ee69a97c034021f875e,kasinje_health_centre,Kasinje Health Centre,ntcheu,,727,248,
dab6fe7c46b74ea7aff489e39053310f,kasina_health_centre,Kasina Health Centre,dedza,,1814,247,
a8b4f3030de94b6ca0ee281a1972faae,kasalika_health_centre,Kasalika Health Centre,kasungu,,1322,245,
ddce9d8b049e4efeabb560f96f713b0f,kaporo_rural_hospital,Kaporo Rural Hospital,karonga,,206,240,
9be1112a3fcc44f4963a462f16f007e3,kapiri_health_centre,Kapiri Health Centre,mchinji,,205,239,
fac4f539c17149cfb7ff8178a537adf7,kapire_health_centre,Kapire Health Centre,nkhotakota,,1606,238,
667948f1d5c84abdb6e2ab81515b7c65,kaphuka_health_centre,Kaphuka Health Centre,dedza,,3318,235,
e49c77ebd19d4c7195e9e1609450ba3b,kaphatenga_health_centre,Kaphatenga Health Centre,salima,,1713,234,
b934e5be4a1c4ae392d6b9b6aa83ae7b,kapeni_health_centre,Kapeni Health Centre,ntcheu,,1418,233,
6c05c1f853c447a1984c7e90567848d0,kapenda_health_centre,Kapenda Health Centre,chitipa,,2966,232,
9839fa50022a4ac094f8da95f91dfcbc,kapelula_health_centre,Kapelula Health Centre,kasungu,,105,231,
efaf6741d27e4c6f9e72e04938f2dec9,kapanga_health_centre,Kapanga Health Centre,mchinji,,1007,230,
aee61973eda146c080e4a17c0c91093a,kanyezi_health_centre,Kanyezi Health Centre,dedza,,1605,227,
13cf365458a64e89a729e9e46a0d1a8a,kanyama_health_centre,Kanyama Health Centre,dedza,,1712,226,
3b43d69c2441413ba584245dcd800377,kankao_health_centre,Kankao Health Centre,balaka,,1711,225,
0e9230cfe95543f18178977f1e2e5207,kangolwa_health_centre,Kangolwa Health Centre,ntchisi,,1515,224,
ea6f3cb435bb4099b7371109928690db,kang'oma_health_centre,Kang'oma Health Centre,lilongwe,,2957,223,
31e5a4a2a92a474999db47d015de24be,kandeu_health_centre_dispensary,Kandeu Health Centre (Dispensary),ntcheu,,1204,222,
ac6ed5fed4e84308aff15b4bfbd0a8d4,kande_health_centre,Kande Health Centre,nkhata-bay,,1812,221,
066bdf4f97e04dd499350d021add0cc7,kamwe_health_centre,Kamwe Health Centre,mzimba,,309,220,
4118fd65f2594f7b9859c07a8f649294,kamuzu_barracks_dispensary,Kamuzu Barracks Dispensary,lilongwe,,1520,219,
7d19dcbd131d4d18984be353f9c3d7dc,kamteteka_health_centre,Kamteteka Health Centre,mzimba,,1545,218,
c8fd31825a944870845a5c29bf0883f3,kamsonga_health_centre,Kamsonga Health Centre,ntchisi,,513,217,
0d4166769fa5477eb96b8848adfd9e37,kameme_health_centre,Kameme Health Centre,chitipa,,1203,214,
fcd166e8011f4eee899725838b11b312,kamboni_health_centre,Kamboni Health Centre,kasungu,,104,213,
a015014b182040bca368760eb2da4b5d,kambenje_health_centre,Kambenje Health Centre,mulanje,,1006,212,
24e9b732131545049192ee44cb682f73,kaluluma_rural_hospital,Kaluluma Rural Hospital,kasungu,,3206,211,
ea58400878cd48a9b3a51fc32a35e8a1,kalulu_health_centre,Kalulu Health Centre,chikwawa,,1005,210,
1e57caaf095546b48b28f7a6c70f78c5,kalinde_dispensary,Kalinde Dispensary,phalombe,,1810,208,
6f722b0b0b9a45e488129483a924826f,kalikumbi_health_centre,Kalikumbi Health Centre,mzimba,,1839,207,
ba224bf247234a47be824a21dbde71c7,kalembo_dispensary,Kalembo Dispensary,balaka,,512,206,
58e40f73177d40ecbd98cede16d32b49,kalemba_health_centre,Kalemba Health Centre,nsanje,,3603,205,
5c1b7314a319467ca03e6ad9303011f7,kakoma_health_centre,Kakoma Health Centre,chikwawa,,3402,204,
211ed6f1ac614360b23f63842f50db8c,kaigwazanga_health_centre,Kaigwazanga Health Centre,mchinji,,3307,203,
839897f2c3694a6faba4c0ce602cd95d,kafukule_health_centre,Kafukule Health Centre,mzimba,,1604,202,
90ae6e3d940045e39fd34768c9a13c62,kafele_health_centre,Kafele Health Centre,dedza,,707,201,
c08b9e7bc9be4e549897e6319680c42b,kachere_health_centre,Kachere Health Centre,nkhata-bay,,8080,200,
124034bc077a4430a5892df4c35f4371,kabwafu_health_centre,Kabwafu Health Centre,mzimba,,1516,198,
380670bb7039462c951e2d50d52f81f9,kabuwa_health_centre,Kabuwa Health Centre,mzimba,,720,197,
d7d3782c882a4c7b8f1410c7bbf83424,kabudula_rural_hospital,Kabudula Rural Hospital,lilongwe,,530,196,
4256976e77c0412eaf4b687b89d2ee9f,jenda_health_centre,Jenda Health Centre,mzimba,,1514,194,
8170c5a703964646a4be3650ae4e1704,jalasi_health_centre,Jalasi Health Centre,mangochi,,510,193,
208e0a0320c041ce8df8b7af9d8dcfe3,iponga_health_centre,Iponga Health Centre,karonga,,2504,192,
22c660d9d4144afa8c4353478f5a1e3d,ifumbo_health_centre,Ifumbo Health Centre,chitipa,,204,191,
e46d639df2ed4388a0ae4b8e54bbc6df,iba_health_centre,Iba Health Centre,mangochi,,103,190,
5ca2338599ff4af1b303fefc5f8e669c,hoho_health_centre,Hoho Health Centre,mzimba,,2534,189,
1de2f9fb7e844b4abf9d53698b07897b,hallena_oakley_ntambanyama_health_centre,Hallena Oakley Ntambanyama Health Centre,thyolo,,3436,187,
70f3aacf4c7c4fbe9b179175b104cb62,h_parker_sharp_dispensary,H Parker Sharp Dispensary,zomba,,203,186,
a0fad23f251c4e8abd2e1a6d023a8b63,guilleme_st_michaels_health_centre,Guilleme St Michaels Health Centre,mchinji,,1616,185,
368becf02f7349efa6a9f6c30146eefb,gowa_health_centre,Gowa Health Centre,ntcheu,,1603,184,
73a01a313b624fb59acc4a751ea9b122,golomoti_health_centre,Golomoti Health Centre,dedza,,1725,182,
0714e9601cba4542912649d0e6693456,gogode_dispensary,Gogode Dispensary,kasungu,,1021,180,
dc40f19242c644bcbde06686cd874426,gawanani_health_centre,Gawanani Health Centre,machinga,,2603,179,
14d23a81d8be420cb3c9569f8cc4338e,gaga_health_centre,Gaga Health Centre,chikwawa,,3306,177,
0adbd562f9ba4e699e5208f3d629adcc,fulirwa_health_centre,Fulirwa Health Centre,karonga,,202,176,
db7e256b7efe4e9592268734ccd9ee5a,euthini_rural_hospital,Euthini Rural Hospital,mzimba,,502,174,
4e67f2102ebf4607887f10cf454c2240,enukweni_mission_health_centre,Enukweni Mission Health Centre,mzimba,,706,173,
c5558728de6e4a31b70182ee45cc0985,engucwini_dispensary,Engucwini Dispensary,mzimba,,705,172,
2e04c9910c7d4f0786c53dbd235c3543,endindeni_health_centre,Endindeni Health Centre,mzimba,,508,171,
99f4233d14284dfe98dc49dcf6ef312a,emsizini_health_centre,Emsizini Health Centre,mzimba,,721,170,
1c0040b854b844c78addc7b1c596e806,emfeni_health_centre,Emfeni Health Centre,mzimba,,504,169,
d3308c45d49d430caa3df285a5e75804,embangweni_hospital,Embangweni Hospital,mzimba,,507,168,
b95f9b49fb1442d3a398daf472278c0e,ehehleni_dispensary,Ehehleni Dispensary,mzimba,,506,165,
b5fe9d832f124feb854df1a1f741ded6,edingeni_rural_hospital,Edingeni Rural Hospital,mzimba,,505,164,
785dff9bacc1430288fbfbf1db0386f9,dzunje_dispensary,Dzunje Dispensary,ntcheu,,1807,163,
ceef054a94994d58aaef453b6c259108,dzoole_health_centre,Dzoole Health Centre,dowa,,1309,162,
b9d6a764060d4580a1e14784990eb3c4,dzindevu_health_centre,Dzindevu Health Centre,dedza,,1708,159,
1d5e913d7f9e459aa2cdd23cb4dd638d,dzenza_health_centre,Dzenza Health Centre,lilongwe,,1513,158,
7021a68d20df43afbb02d9e2c105856d,dzenje_maternity,Dzenje Maternity,mulanje,,3205,157,
8550941f454c41d596540a987b03200c,dzeleka_refugee_camp_health_centre,Dzeleka Refugee Camp Health Centre,dowa,,1308,156,
27c671254538461b956e582417724b70,dwangwa_health_centre,Dwangwa Health Centre,kasungu,,1004,154,
d6ca48fe3b034eb0b9b528e78ee069fb,dwangwa_cane_growers_association_clinic,Dwangwa Cane Growers Association Clinic,nkhotakota,,1120,153,
2be828d1c5ed4a18be9c6352fdbe9253,ekwendeni_hospital,Ekwendeni Hospital,mzimba,,704,167,
03d1e05c42014a43a94ed9feec5efaf2,ekwaiweni_dispensary,Ekwaiweni Dispensary,mzimba,,722,166,
87b123355d724dc5b79bfbce7750ce01,dwambazi_rural_hospital,Dwambazi Rural Hospital,nkhotakota,,1104,152,
202eaaeda1394bfc9d26f20ceb848567,dowa_district_hospital,Dowa District Hospital,dowa,,1307,148,
4437eab724dd4b8ba365c59d90571213,doviko_dispensary,Doviko Dispensary,ntcheu,,1806,146,
7c9098f0aa644f47a45ede8fe4012fa9,domasi_rural_hospital,Domasi Rural Hospital,zomba,,2706,145,
dd3e1b5dd7d141dc875e1e26d85b4c5c,dolo_health_centre,Dolo Health Centre,chikwawa,,3305,144,
2316a0f267cf4f44bcbe6780e0f23a52,dickson_health_centre,Dickson Health Centre,lilongwe,,1512,143,
6c45856ea20a4d998c2b56f4bda32a21,dgm_livingstonia_hospital,DGM Livingstonia Hospital,rumphi,,404,141,
ff75a3e0aa974b0b90e04dab6a4e4f45,dedza_district_hospital,Dedza District Hospital,dedza,,1707,138,
a823f49154bd4144817faceb0b0bd448,cobbe_barracks_hospital,Cobbe Barracks Hospital,zomba,,2729,136,
e1fef760a75949d88010af8860b64ba2,chulu_health_centre,Chulu Health Centre,kasungu,,1003,134,
94d466fe57fc4f1cb635a3be41737aa4,chongoni_health_centre,Chongoni Health Centre,dedza,,1706,133,
96f97b9343ff4454b4843c872d39530f,chonde_health_centre,Chonde Health Centre,mulanje,,3204,132,
1aa1141f0f05401a847c815fa3cee35e,choma_health_centre,Choma Health Centre,mzimba,,703,131,
c7fc492a362a44278db6b0a679f42de0,st_marys_health_centre_chizumulo,St Marys Health Centre (Chizumulo),likoma,,3316,130,
ba0a585ad082440d94c2885c76a33aaa,chiwamba_health_centre,Chiwamba Health Centre,lilongwe,,1509,127,
c75ad78386514f608e74cf8d20e6e23b,chiunjiza_health_centre,Chiunjiza Health Centre,lilongwe,,1508,126,
518df82b312049008f5ae615af351a1a,chiumbangame_health_centre,Chiumbangame Health Centre,mangochi,,2503,125,
1be0d7e822434e22ab79295918e26de8,chitowo_health_centre,Chitowo Health Centre,dedza,,1705,124,
75b3eadca3d34e1ba180def3a5ad0147,chitipa_district_hospital,Chitipa District Hospital,chitipa,,102,121,
945d37b724a94d03ad6514d01d346e02,chitimba_health_centre,Chitimba Health Centre,rumphi,,403,119,
0af4a181c87f433d80813eb1dbdb9c6e,chitheka_health_centre,Chitheka Health Centre,nkhata-bay,,306,117,
253e41d8132945fc8c42d5ebc948dbd6,chitera_health_centre,Chitera Health Centre,chiradzulu,,2802,116,
4e10e77542c745fa8350c882c2b121f5,chitekesa_health_centre,Chitekesa Health Centre,phalombe,,3503,115,
5a8b2ca157d348bca960da6616b6c8f0,chitedze_health_centre,Chitedze Health Centre,lilongwe,,1507,114,
14b4e0c4d3ea4ddaa2ccc6d484566f6e,chitala_health_centre,Chitala Health Centre,salima,,1403,113,
c572fb870d2b43fabe67c39096ac7098,chisitu_health_centre,Chisitu Health Centre,mulanje,,3221,112,
d591007f336546f0b1ddd748d57c57ca,chisepo_health_centre,Chisepo Health Centre,dowa,,1306,110,
f2f9e55808e9441bbb7a01845f19036e,chisala_health_centre,Chisala Health Centre,nkhata-bay,,321,109,
79d1be627ce340aaa2cad5dff3da09ec,chiringa_maternity,Chiringa Maternity,phalombe,,3502,108,
40dc304f7ced440e8ab479f0b7dbceef,chiringa_dispensary,Chiringa Dispensary,phalombe,,3501,107,
8fa765b5774f45c48670676d6ca006a1,chiradzulu_district_hospital,Chiradzulu District Hospital,chiradzulu,,2801,104,
6c1333dc3cba4910a6279e53385bcd86,chipwanya_st_josephs_health_centre,Chipwanya St Josephs Health Centre,dedza,,1704,102,
7e0fbc19f4414f23a594e5c916895751,chipwaila_health_centre,Chipwaila Health Centre,chikwawa,,3304,101,
6fe869bcee9f47438cd5339012b58e09,chipumi_health_centre,Chipumi Health Centre,mchinji,,1602,100,
b9f2a5e0160041ccb9cd388479dc5f73,chiponde_health_centre,Chiponde Health Centre,mangochi,,2532,99,
0d46ab72a8bf46329f5b849cbed635c6,chipoka_health_centre,Chipoka Health Centre,salima,,1402,98,
3e3718f3711541cb8d134d0ebad9ad09,chipini_health_centre,Chipini Health Centre,zomba,,2705,97,
840e4cc917824f3994de10aca1359b5c,chipho_health_centre,Chipho Health Centre,thyolo,,3124,96,
5fc2a475dc6f464b83fa5bb9c2b9a6a0,cardkess_health_facility,Cardkess Health Facility,lilongwe,,,9991,
c12c345fc5cd4656aa90f5cf4f3e622c,chioshya_health_centre,Chioshya Health Centre,mchinji,,1601,95,
9f664cd5b5204a9a84097f8004c229b9,chinyama_health_centre,Chinyama Health Centre,mulanje,,3203,94,
c4c3431f3a424f1981e7c5c76073bafa,chinthembwe_health_centre,Chinthembwe Health Centre,ntchisi,,1202,93,
93431a83e33c4d2fa571463706cca6ef,chintheche_rural_hospital,Chintheche Rural Hospital,nkhata-bay,,305,92,
e55c9b43a5d74ebea25accd30a87d3be,adventist_health_centre_lilongwe,Adventist Health Centre (Lilongwe),lilongwe,,1563,5,
adb8317a48844f66b9d5bce5225c8a51,chinkhwiri_health_centre,Chinkhwiri Health Centre,dowa,,1305,90,
bd956122eca14ed99cc7f97ef8ce5484,chinguluwe_health_centre_salima,Chinguluwe Health Centre (Salima),salima,,1401,89,
a839792917a149e38fd97fb3e80c579f,chinguluwe_health_centre_ntchisi,Chinguluwe Health Centre (Ntchisi),ntchisi,,1201,88,
7a9a68310d67457383c4018c41d0c094,chingazi_health_centre,Chingazi Health Centre,thyolo,,3106,87,
71d07a40cf8d466788defc56aa325233,chingale_health_centre,Chingale Health Centre,zomba,,2704,86,
5afb516416dc4109bdcc0486ca4919bb,chimvu_health_centre,Chimvu Health Centre,thyolo,,3105,83,
c7ac49324f994fa2a043f18ab990068e,chimoto_health_centre,Chimoto Health Centre,dedza,,1703,82,
493feed166bc4549a89edb9ef0fcefbe,chimembe_health_centre,Chimembe Health Centre,blantyre,,2906,81,
c07eeb5ca20649bcbac2dcb7a975f41b,chimbalanga_health_centre,Chimbalanga Health Centre,lilongwe,,1506,80,
6f3e9a417d484cc883ea85d777cdc03d,chimaliro_health_centre,Chimaliro Health Centre,thyolo,,3104,79,
50ff444012f447b29f8505dec8d93507,chilumba_rural_hospital,Chilumba Rural Hospital,karonga,,201,78,
c367e97976054b0094acda8edabedf6c,chilumba_garrison_dispensary,Chilumba Garrison Dispensary,karonga,,215,77,
f6b267cd625d4568964d7621cb76ae9b,chilomoni_health_centre,Chilomoni Health Centre,blantyre,,2905,76,
fb23e5f829db401ca1f26936924857ca,chilobwe_majiga_health_centre,Chilobwe Majiga Health Centre,lilongwe,,1548,75,
ed1af687e97b420b95246fea84f9496e,chilipa_health_centre_zomba,Chilipa Health Centre (Zomba),zomba,,2703,74,
77cc4706b0984c5cbb49a28d26661f63,chilipa_health_centre_mangochi,Chilipa Health Centre (Mangochi),mangochi,,2502,73,
89fbca22df2e4db1b5da491c3c525a88,chileka_sdq_health_centre_blantyre,Chileka SDQ Health Centre (Blantyre),blantyre,,2923,72,
69ec29c9c4fb4cba9779dc03553aef92,chileka_health_centre_lilongwe,Chileka Health Centre (Lilongwe),lilongwe,,1505,71,
986e64cb1f3d48e1a0af3082730b1a52,chileka_health_centre,Chileka Health Centre,blantyre,,2904,70,
44773870e2804d0ba02b54bc4f552644,chilambwe_health_centre,Chilambwe Health Centre,nkhata-bay,,304,69,
c39030baf635413f80a999b21e9f0bfc,chikwina_health_centre,Chikwina Health Centre,nkhata-bay,,303,68,
3eb8948edd784bac8d28fca22c256bbe,chikweo_health_centre,Chikweo Health Centre,machinga,,2602,67,
bd78899375814c869f7575f777f40e7e,chikwawa_district_hospital,Chikwawa District Hospital,chikwawa,,3303,64,
00bbce558b814e78b1f6fa49074d018f,chikuse_health_centre,Chikuse Health Centre,dedza,,1702,62,
f1704f1115e2478bbd8be517c83cc69b,chikowa_health_centre_lilongwe,Chikowa Health Centre (Lilongwe),lilongwe,,1504,61,
454e24e393934a2288678b194b6861c2,chikowa_health_centre_blantyre,Chikowa Health Centre (Blantyre),blantyre,,2903,60,
eb3a0569f9f64ccf8fa7ab6702e120f2,chikole_dispensary,Chikole Dispensary,mangochi,,2501,59,
33d234f7e8a24881b8c4182c6bb511ed,chikangawa_health_centre,Chikangawa Health Centre,mzimba,,503,58,
afdda8c4a1fb43358f1a46bd9112c820,nthondo_health_centre_lilongwe,Nthondo Health Centre (Lilongwe),lilongwe,,1214,591,
ecfd22dfbfe146f8957690b777bb89b1,nthenje_dispensary,Nthenje Dispensary,rumphi,,2621,590,
093c1308f67d49e1abebf6698e170059,nthalire_health_centre,Nthalire Health Centre,chitipa,,416,589,
ec5d5040b6334cc49d4d264a18485446,ntchisi_district_hospital,Ntchisi District Hospital,ntchisi,,108,586,
020c34b834f343fba49dfed51793c0d3,ntcheu_district_hospital,Ntcheu District Hospital,ntcheu,,1210,582,
a300db09f24f4e4abc5b825de2e65bb5,ntaja_health_centre,Ntaja Health Centre,machinga,,1827,580,
aa9566d855da45b09e6c005fb6259ed3,nsiyaludzu_health_centre,Nsiyaludzu Health Centre,ntcheu,,2616,579,
0fde06205d5d4bb4a89fc4eab1b1904a,nsipe_health_centre,Nsipe Health Centre,ntcheu,,1826,578,
f4be04d0d4154230b824f6d82585834a,nsaru_health_centre,Nsaru Health Centre,lilongwe,,1825,577,
e3b257c681d148789c85f221bbde8ed3,nsanje_district_hospital,Nsanje District Hospital,nsanje,,1539,574,
d69a254766b34c1b8062c7f799d21a11,nsanama_health_centre,Nsanama Health Centre,machinga,,3409,572,
0da3dfe0dbb541568a6b08934b779689,nkhwazi_health_centre,Nkhwazi Health Centre,chikwawa,,3327,567,
0eebe035b52a4368bf4455461b7a3d5d,nkhuyukuyu_health_centre,Nkhuyukuyu Health Centre,mchinji,,1612,566,
6bb51b30c7fd4af185f47a3ef37336b3,nkhunga_health_centre,Nkhunga Health Centre,nkhotakota,,3803,565,
bc88b7f8ba6d48fd8e36ef73ab8d71d4,nkhulambe_health_centre,Nkhulambe Health Centre,phalombe,,1112,564,
9ef223524dcd4c3dba3f5d8fd177d9ad,nkhotakota_district_hospital,Nkhotakota District Hospital,nkhotakota,,3511,561,
9e5bae12b4c04a0d8f97c6d1fda3a1cd,nkhorongo_health_centre,Nkhorongo Health Centre,mzimba,,1111,559,
edcf9b56a2f140deb3deab83a7341b39,nkhoma_hospital,Nkhoma Hospital,lilongwe,,716,558,
83871bd1a1a341afb971767a10d1c55e,nkhata_bay_district_hospital,Nkhata Bay District Hospital,nkhata-bay,,1538,554,
d27d9ede21754432870f06ee339ec926,nkhamenya_hospital,Nkhamenya Hospital,nkhata-bay,,315,551,
8c4d68db38454776bbcd35810948c29b,nkasala_health_centre,Nkasala Health Centre,zomba,,4032,550,
22d622486ebf442cadc9be8a4be8311f,nkalo_health_centre,Nkalo Health Centre,chiradzulu,,2717,549,
3612bf68ef4d4b0e83e132b91c549059,njuyu_health_centre,Njuyu Health Centre,mzimba,,2809,548,
c375220248154d4890a9b9190bd60590,ngwelero_health_centre,Ngwelero Health Centre,mzimba,,715,547,
fdafffcc967845ac9ed87ff26c451e19,nguludi_st_josephs_hospital,Nguludi St Josephs Hospital,chiradzulu,,2716,546,
1e546e1075a54743bfe3d63daf0e9148,ngoni_health_centre,Ngoni Health Centre,lilongwe,,2808,545,
10825bc8c6bf4b62b5d44bf1e7c93aea,ngokwe_health_centre,Ngokwe Health Centre,machinga,,424,544,
c4e8647e2cc74236bee38dc70d4790e3,ngodzi_health_centre,Ngodzi Health Centre,salima,,2614,543,
21bca7fe9b424c158497271956d8c243,ngapani_health_centre,Ngapani Health Centre,mangochi,,1414,542,
536abe6092824eb282ffc091f89d55a9,ngana_health_centre,Ngana Health Centre,karonga,,210,541,
9336ea33bacd4e76af4136f27b9eb465,ngala_health_centre,Ngala Health Centre,nkhotakota,,219,540,
c789149ea1eb41c28717444961e013bb,ngabu_rural_hospital,Ngabu Rural Hospital,chikwawa,,3328,539,
1db0e538c82240559d02196c3d3c5bbf,newa_/_mpasazi_health_centre,Newa / Mpasazi Health Centre,chikwawa,,3315,538,
41302e9865b0484a9615b1de04cb65cf,new_state_house_dispensary,New State House Dispensary,lilongwe,,4058,537,
7a2b977811d04118b513fc66770d678b,ndirande_urban_health_centre,Ndirande Urban Health Centre,blantyre,,2807,533,
1a945b37bbcb4079a71f71e6b3549ef4,ndaula_health_centre,Ndaula Health Centre,lilongwe,,1212,531,
45a58c411ce24d5b9d598f3f0f7339c9,ndamera_health_centre,Ndamera Health Centre,nsanje,,1535,530,
1229e5082c0d4459a615f1a600747279,nayuchi_health_centre,Nayuchi Health Centre,machinga,,3514,528,
3d132e8edf3743cbb97b99ca7757361f,nayinunje_health_centre,Nayinunje Health Centre,machinga,,2613,527,
25e840b3fdc54396944ef62067e8695c,nathenje_health_centre,Nathenje Health Centre,lilongwe,,2612,526,
2bab19ba15654f018a95d6f18b846226,nasawa_health_centre,Nasawa Health Centre,zomba,,1534,525,
28d7668764e74828bf75c5d7f5a754c3,naphimba_health_centre,Naphimba Health Centre,mulanje,,2725,524,
c70fbf7cfa5944e18c4fe6196ca86dc4,nankumba_health_centre,Nankumba Health Centre,mangochi,,3222,523,
9ec26d14377143f9a1bf630e3f778253,nankhwali_health_centre,Nankhwali Health Centre,mangochi,,2527,522,
579228e071bb433ca262195e6105d4f4,chikande_health_centre,Chikande Health Centre,ntcheu,,1805,57,
eeea6e078c7e49759552f6b3ef5cf433,chigodi_health_centre,Chigodi Health Centre,ntcheu,,1804,56,
75e4289228524fd99ca09a5dbd9513a3,chiendausiku_health_centre,Chiendausiku Health Centre,balaka,,3612,54,
dc880cc09feb43b7863418901732e09b,chididi_health_centre_nsanje,Chididi Health Centre (Nsanje),nsanje,,3401,53,
dfa63583fc50493ba19820e1b38c6d38,chididi_health_centre_nkhotakota,Chididi Health Centre (Nkhotakota),nkhotakota,,1103,52,
c7fe678a7fbb449bb38ec1dc0ede7fb4,chesamu_health_centre,Chesamu Health Centre,nkhata-bay,,302,50,
ef674be6f02a4f6a924e4e2ccc172fdf,chapananga_health_centre,Chapananga Health Centre,chikwawa,,3302,49,
d51a09533fc24481b3c4a22a18ded79e,chankhungu_health_centre,Chankhungu Health Centre,dowa,,1303,48,
64962cad535e468a94141897b22ee0c1,changata_health_centre,Changata Health Centre,thyolo,,3103,47,
c14bb3adb0224f7da66b8d41dc8e109c,chamwabvi_dispensary,Chamwabvi Dispensary,kasungu,,1002,45,
e5d770f1d02d4d72bdbf1a1c12d1ec86,chambo_health_centre,Chambo Health Centre,chitipa,,101,44,
6cf81795eb284e5ba4c12675c1ab677f,chambe_health_centre,Chambe Health Centre,mulanje,,3202,43,
c92a29f1b0ef491f856ae395279c03d8,chamba_dispensary_zomba,Chamba Dispensary (Zomba),zomba,,2702,42,
b40c21d3913d4c33b0eff9a3ef724523,chamba_dispensary_machinga,Chamba Dispensary (Machinga),machinga,,2601,41,
3096dcfcc9a945478e8bda302b3683b7,chadza_health_centre,Chadza Health Centre,lilongwe,,1547,39,
1db5b2577c0c40658133224e39ad4ea0,chabvala_health_centre,Chabvala Health Centre,lilongwe,,2902,38,
7c74faf222644cd1a89eca9792be0ee9,bwengu_health_centre,Bwengu Health Centre,mzimba,,402,37,
c4725e981a0b4cf482b083c16601bd27,bwanje_health_centre,Bwanje Health Centre,ntcheu,,1803,36,
e1df559607484576855312777f055a53,bvumbwe_research_health_centre,Bvumbwe Research Health Centre,thyolo,,3102,34,
a96024395b64457ebe40731f7cd17f54,bulala_health_centre,Bulala Health Centre,mzimba,,511,33,
4255e5ae1e4447e685c493091ac42ce0,bula_health_centre,Bula Health Centre,nkhata-bay,,301,32,
0097a39a28dc478e93e1de57928f1291,bua_health_centre_nkhotakota,Bua Health Centre (Nkhotakota),nkhotakota,,1102,31,
5734c4bab77c49a785e51f257c3c0238,bua_dispensary_kasungu,Bua Dispensary (Kasungu),kasungu,,1001,30,
31fc696fee6e4075bc62544f5d273230,bowe_health_centre,Bowe Health Centre,dowa,,1301,29,
7ba2a88188c549b28abf8867b16fcca1,bondo_health_centre,Bondo Health Centre,mulanje,,3201,28,
017a154d7be24ecd87468e19cd205e9d,bolero_rural_health_centre,Bolero Rural Health Centre,rumphi,,401,27,
f9476c5db4b94a6b8f571e398008ae11,blantyre_civic_centre_dispensary,Blantyre Civic Centre Dispensary,blantyre,,2998,23,
b930cb806eef4797968c57eab4f78890,biriwiri_health_centre,Biriwiri Health Centre,ntcheu,,1802,22,
fda2c17009b04b3bb886234fb72f7a4a,bimbi_health_centre,Bimbi Health Centre,zomba,,2701,21,
0bc2ed885ffd41d49c11b87cc7d83560,bilira_health_centre,Bilira Health Centre,ntcheu,,1801,20,
5f2817fc487f417791a86df7541a188a,bilal_dispensary,Bilal Dispensary,chiradzulu,,2813,19,
b91555431a0e4098895813b3fe95a122,benga_health_centre,Benga Health Centre,nkhotakota,,1101,18,
931bcc2d14c945aaa76ca6e7ac4726c9,bembeke_health_centre,Bembeke Health Centre,dedza,,1701,17,
c3c676ab1ce74d70a09235a0f04b1d34,bangwe_health_centre,Bangwe Health Centre,blantyre,,2924,16,
13367b849aed453abc9ba6fe72a73b86,balaka_opd_health_centre,Balaka OPD Health Centre,balaka,,3602,15,
35d5cffd86ca4c35a5c0bc73a094ea60,balaka_district_hospital,Balaka District Hospital,balaka,,3601,12,
240681768ec1469ca9b58238f455f11f,area_25_urban_health_centre,Area 25 Urban Health Centre,lilongwe,,1502,10,
e0be20bdc59343fc882f5c3ecaaf0041,alinafe_rehabilitation_centre,Alinafe Rehabilitation Centre,nkhotakota,,1113,7,
0258310b373544d1a49a7a782c4b4cef,african_bible_college_health_centre,African Bible College Health Centre,lilongwe,,4040,6,
893a1262a37c49a29b7715cd389e0077,assalaam_clinic,Assalaam Clinic,mangochi,,2539,3,
f28f07b88afb44ce9ea600ee3483ff9d,karonga_district_hospital,Karonga District Hospital,karonga,,1018,242,
fe77935eb00745bf87ba6aabe0532e8e,tiwonge_chirwa_clinic,Tiwonge Chirwa Clinic(Training),lilongwe,,9877,1333,
